ID select,verbe,id Frantext,auteur,titre,intervale tps,date,page,ctx gauche,mot gauche,ponct G,pivot,ponct D,mot droit,ctx droit
1,montrer,376,ROLLAND Romain,Jean-Christophe : La Foire sur la place,1900-1909,1908,750,savait aussi que ce n' était pas par égoïsme qu' il,se,,montrait,,exigeant,: il s' était pris pour Colette d' une
2,montrer,310,FARRÈRE Claude,L'Homme qui assassina,1900-1909,1907,62,calque minutieux de ce saxon charpenté de fer ! Je,leur,,montrai,,des,"sièges . Ils s' assirent , et tout aussitôt , s'"
3,montrer,97,ADAM Paul,L'Enfant d'Austerlitz,1900-1909,1902,145,"oiseaux d' or . à maintes reprises , le vieillard",avait,,montré,,ces,"insignes à son filleul , ainsi que d' autres"
4,montrer,448,GIDE André,La Porte étroite,1900-1909,1909,520,"sur nos pas , quand , sortant de l' ombre , Alissa",se,,montra,,tout,à coup . Elle était si pâle que Juliette se
5,montrer,336,LEROUX Gaston,Le Parfum de la dame en noir,1900-1909,1908,52,"! Pouvons -nous espérer que Larsan , après s'",être,,montré,,si,"insolemment à nous , sous nos murs , comme pour nous"
6,montrer,24,MIRBEAU Octave,Le Journal d'une femme de chambre,1900-1909,1900,172,madame si soupçonneuse et qui voit le mal partout,lui,,montre,,une,"confiance aveugle . Elle qui ne croit à personne ,"
7,montrer,236,BAZIN René,Le Blé qui lève,1900-1909,1907,43,", tantôt bien , tantôt mal , à l' instituteur qui",se,,montrait,,exigeant,", pour cette leçon comme pour les autres , et"
8,montrer,413,FRANCE Anatole,L'Île des pingouins,1900-1909,1908,205,engager le sage distillateur dans l' entreprise . Il,lui,,montra,,le,"succès heureux , prompt , certain , éclatant . - n' y"
9,montrer,39,MIRBEAU Octave,Le Journal d'une femme de chambre,1900-1909,1900,332,"très galbeux , des barons , des vicomtes , qui",lui,,montraient,,une,"certaine amitié , sachant qu' il possédait , de"
10,montrer,52,COLETTE ,Claudine à l'école,1900-1909,1900,135,sont toujours ensemble dans la seconde classe .,Aimée,,montre,,une,"lettre à la rousse , et elles rient aux éclats , mais"
11,montrer,177,FRAPIÉ Léon,La Maternelle,1900-1909,1904,57,"-je à Mme Paulin , jamais un délégué cantonal n'",a,,montré,,pareil,zèle ! Il ne rate pas une semaine . - Chuutt !
12,montrer,433,FRANCE Anatole,L'Île des pingouins,1900-1909,1908,362,et fraîche et sentait le foin coupé . Paul Visire,se,,montra,,tel,que le voulait l' occasion ; elle ne se refusa pas aux
13,montrer,472,HAMP Pierre,Marée fraîche ; Vin de champagne,1900-1909,1909,191,", M. Desvides passa au bureau de douane . Là ,",il,,montrait,,moins,"la noirceur de ses fosses nasales , car messieurs"
14,montrer,308,LEROUX Gaston,Le Mystère de la chambre jaune,1900-1909,1907,149,et interviewé à son tour ! Je dois dire qu' il ne s',en,,montra,,pas,plus fier pour ça ! Nous revînmes de Versailles
15,montrer,90,ADAM Paul,L'Enfant d'Austerlitz,1900-1909,1902,94,peloton déboucha au milieu d' insultes . On,lui,,montrait,,le,poing ... on l' accusait de ne plus jamais paraître
16,montrer,458,HAMP Pierre,Marée fraîche ; Vin de champagne,1900-1909,1909,46,gratuit d' au moins vingt tonnes de marée . M.,Barbès,,montra,,un,"instant sa casquette blanche , trouva que ça allait"
17,montrer,78,BOYLESVE René,La Leçon d'amour dans un parc,1900-1909,1902,128,. Elle tira celle -ci hors de la feuille de papier et,la,,montra,,à,Dieutegard . Mais le chevalier s' attrista quand il
18,montrer,234,MOSELLY Émile,Terres lorraines,1900-1909,1907,255,sous la caresse fécondante de l' astre . Et tout ce,qui,,montre,,sa,"vieillesse , tout ce qui est si lamentable par les"
19,montrer,141,GIDE André,L'Immoraliste,1900-1909,1902,443,ne pas répondre avec trop de froideur à la joie qu',il,,montrait,,de,me revoir ; mais même cette joie me déplut ; elle
20,montrer,399,FRANCE Anatole,L'Île des pingouins,1900-1909,1908,26,", et calefaciat dominum nostrum regem . et le diable",me,,montre,,une,"enfant dans sa première fleur qui me dit : "" - je suis"
21,montrer,1037,BOURGET Paul,Lazarine,1910-1919,1917,243,de regard en ce moment pour le blanc clocher Qui,leur,,montrait,,le,ciel avec son doigt muet . C' était une traduction
22,montrer,526,DELATTRE Louis,Carnets d'un médecin de village,1910-1919,1910,49,"qui porte le Bambin sur un bras , et tient une poire , m'",a,,montré,,quelque,"chose comme le grand front bombé de Florence ,"
23,montrer,828,PROUST Marcel,"À la recherche du temps perdu. 1, 2, 3. Du côté de chez Swann",1910-1919,1913,136,"écume creuse , sèche et sans parfum . Mon",grand-père,,montrait,,à,mon père en quoi l' aspect des lieux était resté le
24,montrer,534,DELATTRE Louis,Carnets d'un médecin de village,1910-1919,1910,156,plus sur la matelas qu' un paquet cylindrique,qui,,montrait,",",en,"une spirale régulière , l' épaisseur de sa"
25,montrer,783,ALAIN-FOURNIER ,Le Grand Meaulnes,1910-1919,1913,93,"une porte , et se trouvait dans une chambre où",l'on,,montrait,,la,lanterne magique . Des enfants applaudissaient à
26,montrer,1068,FRANCE Anatole,Le Petit Pierre,1910-1919,1918,164,avec du rouge sur les ailes . Mais à peine s' était,-il,,montré,,qu',il disparut . Les gens de la cour disputèrent entre
27,montrer,832,PROUST Marcel,"À la recherche du temps perdu. 1, 2, 3. Du côté de chez Swann",1910-1919,1913,174,parcelles d' analogie avec le portrait qu' on m',avait,,montré,",",parce,que surtout les traits particuliers que je
28,montrer,541,DELATTRE Louis,Carnets d'un médecin de village,1910-1919,1910,242,"la saillie de la pommette , la mâchoire et le menton",se,,montraient,,rétrécis,", aplatis , rabougris , ainsi que s' ils"
29,montrer,892,ROUSSEL Raymond,Locus Solus,1910-1919,1914,226,sur-le-champ une absolue souplesse . Canterel,nous,,montra,,la,"tige blanche , privée seulement de son minuscule"
30,montrer,569,ROUSSEL Raymond,Impressions d'Afrique,1910-1919,1910,116,"trilogie , Fuxier souleva le bas de la grappe et",nous,,montra,,un,grain superbe en le commentant par ces mots : — «
31,montrer,1012,HÉMON Louis,Maria Chapdelaine,1910-1919,1916,111,tard une pluie fit fondre la neige et la terre brune,se,,montra,,de,nouveau . Pourtant l' avertissement n' avait pas
32,montrer,528,DELATTRE Louis,Carnets d'un médecin de village,1910-1919,1910,68,"arpentage . Avec quelle fierté , à nous , ses fils ,",il,,montrait,,les,cahiers couverts de ses premiers essais ; les
33,montrer,525,DELATTRE Louis,Carnets d'un médecin de village,1910-1919,1910,46,! Vite ! Accourez !... Tués tous les deux ! » Je,me,,montrai,.,«,"Qui ça , tué ? demandai -je ... - Les maîtres ! Nom"
34,montrer,810,LARBAUD Valery,"A.O. Barnabooth, ses oeuvres complètes : le Pauvre chemisier ; Poésies ; Journal intime",1910-1919,1913,285,"mon dégoût de toutes choses , j' aurais voulu qu'",elle,,montrât,,un,peu d' irritation . Elle a paru très indifférente .
35,montrer,796,LARBAUD Valery,"A.O. Barnabooth, ses oeuvres complètes : le Pauvre chemisier ; Poésies ; Journal intime",1910-1919,1913,136,"oliviers étalent des verts légers , et où San",Miniato,,montre,,dans,"la sombre verdure un visage de couleurs , azur de"
36,montrer,1080,FRANCE Anatole,Le Petit Pierre,1910-1919,1918,249,obscur de viris où il s' agissait des Samnites . Je m',en,,montrai,,tout,à fait incapable et reçus un blâme public . J' en
37,montrer,527,DELATTRE Louis,Carnets d'un médecin de village,1910-1919,1910,59,"sur ses pieds , me prend les mains et tournant la tête ,",me,,montre,,d',un geste du menton vers le lit où je n' avais pas encore
38,montrer,944,BOURGET Paul,Le Sens de la mort,1910-1919,1915,158,de sa propre nuque . Le Gallic l' arrêta comme,il,,montrait,,le,"trajet des nerfs occipitaux . - "" Oui , là . "" - "" Vous"
39,montrer,802,LARBAUD Valery,"A.O. Barnabooth, ses oeuvres complètes : le Pauvre chemisier ; Poésies ; Journal intime",1910-1919,1913,194,à la vie ; la pauvre foule sourde des médiocres,qui,,montre,,au,"doigt celui qui veut goûter au monde , l' homme qui vit"
40,montrer,1158,PROUST Marcel,À la recherche du temps perdu. 7. À l'ombre des jeunes filles en fleurs,1910-1919,1918,911,"et grave vers Andrée et Rosemonde , il faut que je",vous,,montre,,la,lettre que Gisèle m' a écrite ce matin . Je suis folle
41,montrer,1591,PROUST Marcel,À la recherche du temps perdu. 15. La Prisonnière,1920-1929,1922,283,"et , sans savoir dans quelle mesure le jeune pénitent",se,,montre,,docile,ou rebelle aux exercices spéciaux que son
42,montrer,1354,BOURGET Paul,Un drame dans le monde,1920-1929,1921,289,. Il n' y en a pas ... Il n' y a que ça . » Elle pleurait,et,,montrait,,ses,"larmes . - « Oh ! oui , comme j' ai eu chaud dans le"
43,montrer,2280,GIDE André,L'École des femmes,1920-1929,1929,1257,"bien voulu parler , mais il n' était pas décent que je",me,,montre,,plus,"aimable que papa ; j' imitais donc sa réserve , et ,"
44,montrer,1210,MAC ORLAN Pierre,À bord de l'étoile matutine,1920-1929,1920,138,"quatre canons à bord de la Rose - de - Marie , Pitti",se,,montrait,,peu,soucieux d' accepter le combat avec un de ces petits
45,montrer,1835,DEKOBRA Maurice,La Madone des sleepings,1920-1929,1925,89,. La lettre de madame Mouravieff que vous m',avez,,montrée,,et,ce petit appareil sous votre lit sont les condiments
46,montrer,1216,BOURGET Paul,Le Beau rôle,1920-1929,1920,120,"entre ses doigts crispés . De sa main libre ,",il,,montra,,simplement,"le bureau , et sur le buvard l' enveloppe à l'"
47,montrer,2153,BRETON André,Nadja,1920-1929,1928,61,"blessé ! "" il fallut absolument que le jeune homme",lui,,montrât,,son,"autre main , qui présentait la même malformation"
48,montrer,2117,SAINT-EXUPÉRY Antoine de,Courrier Sud,1920-1929,1928,34,. Ce qui peut vous porter longtemps comme un navire ...,il,,montre,,ses,"richesses : "" des souvenirs ... "" elle comprend . Elle"
49,montrer,1670,BOURGET Paul,La Geôle,1920-1929,1923,96,"de la bibliothèque , et d' un geste découragé",il,,montrait,,la,"veuve , toujours en deuil , qui s' absorbait dans sa"
50,montrer,2317,ARLAND Marcel,L'Ordre,1920-1929,1929,87,"vaut mieux ainsi , pensa -t-il ensuite ; je n' aurai",pas,,montré,,ma,"faiblesse . "" elle s' approcha de la porte , et demanda"
51,montrer,2210,MARTIN DU GARD Roger,Les Thibault : La Sorellina,1920-1929,1928,1241,"la saveur de ces pages , l' attention d' Antoine",se,,montrait,,indocile,". Trop d' inattendu s' offrait à lui , depuis"
52,montrer,2374,BERNANOS Georges,La Joie,1920-1929,1929,606,", malgré la chaleur , serré autour de son cou ,",elle,,montrait,,un,"mince visage aux joues enflammées , tachées de"
53,montrer,2173,MALRAUX André,Les Conquérants,1920-1929,1928,153,"grimaçant , comme dans une glace tordue .",Peut-être,,montre,,-t-il,là son véritable aspect ; peu importe : cet
54,montrer,1323,CHARDONNE Jacques,L'Épithalame,1920-1929,1921,295,ce modèle est bien ... je reviendrai lundi ... vous,me,,montrerez,,des,"échantillons . Alors , c' est convenu , procurez"
55,montrer,1761,JOUHANDEAU Marcel,Les Pincengrain,1920-1929,1924,43,", et avant le dessert parlaient d' enthousiasme ,",se,,montraient,,les,"images de leurs saints . Godeau , entrant chez les"
56,montrer,1926,BOURGET Paul,Nos actes nous suivent,1920-1929,1926,123,"cinq minutes pour venir vous embrasser . Voyez . """,elle,,montrait,,la,"pendule . - "" il va être onze heures . J' ai fini mon"
57,montrer,2059,MAURRAS Charles,Le Chemin de Paradis,1920-1929,1927,116,"vrai , ne s' est pas trompé de tous points , lorsqu' il",me,,montrait,,l',ascension dialectique de ton âme . Ton âme est
58,montrer,1457,PROUST Marcel,À la recherche du temps perdu. 11. Sodome et Gomorrhe,1920-1929,1922,879,les fidèles et jamais personne d' autre . On,se,,montrait,,cette,"personne énigmatique et pâle , qui avait"
59,montrer,1373,MARTIN DU GARD Roger,Les Thibault : Le Cahier gris,1920-1929,1922,700,"chimériques , son voyage en cachette du père ; il",se,,montrerait,,confiant,", camarade ; il rappellerait au petit la"
60,montrer,2220,ROMAINS Jules,Le Dieu des corps,1920-1929,1928,318,"de ne pas l' avoir amenée . En étant venu seul ,",je,,montrais,,à,son égard une indépendance qui était menteuse .
61,montrer,3177,VAN DER MEERSCH Maxence,Invasion 14,1930-1939,1935,356,", qui étaient emprisonnés là dedans . On",leur,,montrait,,le,"poing , on leur criait des railleries , des injures ,"
62,montrer,3452,GIONO Jean,Batailles dans la montagne,1930-1939,1937,815,quand je passais . - Tu te souviens bien où c' est ? -,Oui,- .,Montre,,-moi,de quel côté . » Dès qu' on relevait la tête on
63,montrer,3421,PERRET Jacques,Roucou,1930-1939,1936,82,"jour Martin se promit de lui dire deux mots , mais Bret",se,,montra,,si,"agréable compagnon , si joyeux causeur , qu' il y"
64,montrer,3680,COHEN Albert,Mangeclous,1930-1939,1938,261,et du pou volant de Lituanie . Ils sourient gras et,vous,,montrent,,à,tout bout de champ des photographies de leurs
65,montrer,2689,MALÈGUE Joseph,Augustin ou le Maître est là : t. 2,1930-1939,1933,470,"sentit un commencement de remords . - cette "" sortie "" ,",te,,montre,,ce,"que je suis devenu . Tu ne m' en veux pas , dis ? - je prends"
66,montrer,2524,POURRAT Henri,"Les Vaillances, farces et aventures de Gaspard des montagnes. 4. La Tour du Levant ou quand Gaspard mit fin à l'histoire",1930-1939,1931,178,"un crapaud est entré dans la maison . "" Marguerite",se,,montra,.,Elle,ne fit pas grand accueil à Anne - Marie et
67,montrer,2461,COHEN Albert,Solal,1930-1939,1930,231,"Mangeclous à l' écart et , d' un geste grave ,",lui,,montrait,,la,lettre de Solal et les cinq billets de mille francs
68,montrer,3688,COHEN Albert,Mangeclous,1930-1939,1938,375,lui demanda aimablement s' il était armé . Le,gardien,,montra,,un,"impressionnant revolver . Saltiel l' en félicita ,"
69,montrer,2584,PEISSON Édouard,Parti de Liverpool,1930-1939,1932,58,"l' oreille de Gérard , il y eut une éclaircie et",Clear,,montra,,sa,lueur à 30 degrés . On ne pouvait pas se tromper . Tous
70,montrer,3201,DUHAMEL Georges,Chronique des Pasquier. 4. La Nuit de la Saint-Jean,1930-1939,1935,57,", enfin pour tout . Une fois encore , la jeune",fille,,montra,,son,grand sourire enfantin . Elle ressemblait à Feia .
71,montrer,3416,ARAGON Louis,Les Beaux quartiers,1930-1939,1936,458,à l' enthousiasme des affaires ... il faudra que je,vous,,montre,,ce,tableau que j' ai acheté ... - un tableau ? Vous êtes
72,montrer,2811,MALRAUX André,La Condition humaine,1930-1939,1933,330,pas qu' il rencontra Katow . - Tchen n' est pas là ?,Il,,montrait,,du,doigt la maison de Kyo . - non . - tu ne sais' bsolument
73,montrer,3148,VAN DER MEERSCH Maxence,Invasion 14,1930-1939,1935,130,"les alboches , à c't' heure ? Une autre , une brave",femme,",",montra,,timidement,"une lettre de son garçon , pour s' excuser : -"
74,montrer,3296,CÉLINE Louis-Ferdinand,Mort à crédit,1930-1939,1936,855,"Il me parlait souvent de sa daronne , mais jamais il me",la,,montrait,.,Elle,"venait jamais au bureau , elle aimait pas le"
75,montrer,3328,CÉLINE Louis-Ferdinand,Mort à crédit,1930-1939,1936,1075,je me fous à genoux ... et je me baisse encore ... Je,lui,,montre,,là,bien sous son nez le corps dans l' enveloppe par terre
76,montrer,3335,MARTIN DU GARD Roger,Les Thibault : L'Été 1914,1930-1939,1936,226,"accent de reproche , "" vous ne pensez pas que M. Fellow",se,,montre,,un,"peu bien difficile ... ? "" - "" ce garçon est idiot ! """
77,montrer,3708,DUHAMEL Georges,Chronique des Pasquier. 7. Cécile parmi nous,1930-1939,1938,269,Un vomissement noir dont la mère et la grand' mère,se,,montraient,,très,effrayées . La nuit commençait de tomber
78,montrer,3155,VAN DER MEERSCH Maxence,Invasion 14,1930-1939,1935,161,allemands ramassèrent le mort . Celui qui avait,tiré,,montrait,,le,"cadavre et son fusil , expliquait l' affaire à ses"
79,montrer,3359,MARTIN DU GARD Roger,Les Thibault : L'Été 1914,1930-1939,1936,693,"autres voyageurs s' approchent . Tous , également ,",se,,montrent,,révoltés,par le cynisme du gouvernement allemand . -
80,montrer,3105,FAULKNER William,Lumière d'août,1930-1939,1935,88,"en chaire , il semblait parler de la même façon , qu'",il,,montrait,,en,"chaire la même extravagance , parlant de la"
81,montrer,3878,QUENEAU Raymond,Pierrot mon ami,1940-1949,1942,172,"une mouquère fardée . Tout au fond , un monsieur",seul,,montrait,,un,coup épais et un dos massif ; il ne daigna point se
82,montrer,4129,SAINT-EXUPÉRY Antoine de,Citadelle,1940-1949,1944,718,choses . Et toi je te construis et je t' élève . Et je,te,,montre,,dans,"la pierre ce qui n' est point de la pierre , mais"
83,montrer,4085,SAINT-EXUPÉRY Antoine de,Citadelle,1940-1949,1944,538,tellement gâté ... j' attends d' eux le signe qui,me,,montrera,,l',"homme et ne le reçois point . - cependant , j' ai vu tel"
84,montrer,4547,FALLET René,Carnets de jeunesse,1940-1949,1947,68,lettres qu' elle envoya à Claude l' an dernier . Elle,se,,montre,,assez,touchée de ce trait de magnanimité . Quand je les
85,montrer,4442,GUÉRIN Raymond,L'Apprenti,1940-1949,1946,54,"Eh bien , ils ne perdaient rien pour attendre . Il",leur,,montrerait,,qui,"il était . Un jour , il reviendrait dans cette"
86,montrer,3852,DUHAMEL Georges,Chronique des Pasquier. 9. Suzanne et les jeunes hommes,1940-1949,1941,173,"cas de difficulté , m' être d' aucun secours ; mais",il,,montrait,,un,"beau regard bien droit . En outre , je ne sais quelle"
87,montrer,4616,ARAGON Louis,Les Voyageurs de l'impériale,1940-1949,1947,588,"» , dit Maria . Jeannot pinça les lèvres , et",lui,,montra,,son,petit poing fermé : « Méchante bête ... - Allons
88,montrer,4680,QUENEAU Raymond,"Saint Glinglin, précédé de Gueule de Pierre et de Les Temps Mêlés",1940-1949,1948,261,", hurla Machut . — Pas possible , fit Marqueux .",Machut,,montre,,Hélène,"et Jean . — Eux , ils savent , eux . Ils ont"
89,montrer,4490,DURAS Marguerite,Les Impudents,1940-1949,1946,79,était la grande affaire de la journée . Georges,se,,montrait,,après,"le premier , et , depuis quinze jours , il n' y"
90,montrer,3854,DUHAMEL Georges,Chronique des Pasquier. 9. Suzanne et les jeunes hommes,1940-1949,1941,186,vallon où frisottent de jeunes cheveux blonds . La,joue,,montre,",",à,"contre-soleil , un duvet qui retient la lumière , l'"
91,montrer,3955,SAINT-EXUPÉRY Antoine de,Pilote de guerre,1940-1949,1942,279,"jeter dans un filet . Et puis , tiens , regarde ! ... et il",me,,montre,,un,"papier , sur lequel il a griffonné des"
92,montrer,4796,BAZIN Hervé,La Tête contre les murs,1940-1949,1949,211,même ajouter : - Je préfère que ce soit toi . édith,se,,montra,,plus,"réservée : - Lica est majeure , dit -elle . Mais l'"
93,montrer,4193,SAINT-EXUPÉRY Antoine de,Citadelle,1940-1949,1944,905,"qu' une anse d' aiguière d' argent , si la courbe s'",en,,montre,,heureuse,", vaut plus que l' aiguière d' or tout entière"
94,montrer,4563,FALLET René,Banlieue Sud-Est,1940-1949,1947,100,"sortait de temps en temps l' album de photos , et elle",me,,montrait,,grand-père,avec des moustaches noires et un chapeau
95,montrer,4385,BOSCO Henri,Le Mas Théotime,1940-1949,1945,334,"l' ai salué d' abord , comme l' exige la coutume . Car il",se,,montre,,pointilleux,"sur les usages , et il est enseigné chez"
96,montrer,4568,FALLET René,Banlieue Sud-Est,1940-1949,1947,245,eu . Y a trois petits boutons dégueulasses au,bout,- .,Montre,,ça,. Jo regarda attentivement . Il avait l' habitude de
97,montrer,3936,NÉMIROVSKY Irène,Suite française,1940-1949,1942,256,"au sadisme . Par exemple , dur envers les hommes ,",il,,montrait,,aux,bêtes la plus grande sollicitude ; c' était à son
98,montrer,3882,CAMUS Albert,L'Étranger,1940-1949,1942,1158,aperçu que j' avais faim . Je l' ai dit à Marie qui m',a,,montré,,son,sac en toile cirée où elle avait mis nos deux
99,montrer,4711,DRUON Maurice,Les Grandes familles : t. 2,1940-1949,1948,156,... Il y avait longtemps que l' aïeul ne s',était,,montré,,si,brillant ; il faut avouer aussi que depuis longtemps
100,montrer,4306,BORY Jean-Louis,Mon village à l'heure allemande,1940-1949,1945,173,". - Passez par-derrière , fit la Germaine . Elle",leur,,montra,,sa,"cuisine . La voiture prenait le tournant , stoppait"
101,montrer,5741,SARRAUTE Nathalie,Le Planétarium,1950-1959,1959,167,", ils sont sans indulgence , sans pitié , ils le lui",ont,,montré,,chaque,fois qu' il a essayé de s' en remettre à eux ...
102,montrer,5316,GENEVOIX Maurice,Fatou Cissé,1950-1959,1954,120,", dis -tu ? C' est donc qu' il pourrait monter ? - S' il",se,,montrait,,ponctuel,"et courageux . - Et il vivrait , alors , comme"
103,montrer,5284,BEAUVOIR Simone de,Les Mandarins,1950-1959,1954,281,"verras lundi . "" Josette soupira : "" il va falloir que je",me,,montre,,un,"peu , pour ma publicité ; alors je dois m' habiller . -"
104,montrer,5265,SIMONIN Albert,Touchez pas au grisbi,1950-1959,1953,207,filé le train jusqu' à l' angle de la rue . Là il me les,a,,montrés,.,De,loin . Je ne me souvenais pas de les avoir
105,montrer,5266,BEAUVOIR Simone de,Les Mandarins,1950-1959,1954,44,le regardais de trop loin . Des camarades me l',avaient,,montré,,du,"doigt à la sorbonne , on parlait énormément de lui"
106,montrer,5340,DIB Mohammed,L'Incendie,1950-1959,1954,147,"Aussi , l' argent qu' elle touchait en fin de semaine ,",le,,montrait,,-elle,à ses enfants . Elle voulait qu' ils voient le
107,montrer,5300,BEAUVOIR Simone de,Les Mandarins,1950-1959,1954,435,"l' été ; dans deux ans il viendrait à Paris , je",lui,,montrerais,,la,France et l' Italie ... je tenais sa main serrée
108,montrer,5256,SIMONIN Albert,Touchez pas au grisbi,1950-1959,1953,30,", son manoir clandestin , le petit Frédo me l'",avait,,montré,,un,"jour , une fois qu' on draguait dans le coin , pour"
109,montrer,5677,KESSEL Joseph,Le Lion,1950-1959,1958,110,écria Sybil sans pouvoir dominer une irritation,qui,,montrait,,que,ses nerfs commençaient à lui désobéir de
110,montrer,4870,GREEN Julien,Moïra,1950-1959,1950,60,nécessaires pour comprendre une phrase que David,lui,,montrait,,du,"doigt dans le livre en la commentant . De nouveau , la"
111,montrer,5338,DIB Mohammed,L'Incendie,1950-1959,1954,141,les fellahs ne répondirent pas . Et les,policiers,,montrèrent,,leurs,armes . — Si vous vous approchez trop ... vous
112,montrer,5176,GIBEAU Yves,Allons z'enfants,1950-1959,1952,328,de Trugex était tapissé de photographies qui,le,,montraient,,à,"tous les stades de sa belle carrière , depuis ses"
113,montrer,5401,LEDUC Violette,Ravages,1950-1959,1955,289,prendre un rendez-vous . » Marc se chaussait . Marc,me,,montrait,,sa,nuque . Nous avons pris un rendez-vous pour le samedi
114,montrer,5622,DUVIGNAUD Jean,L'Or de La République,1950-1959,1957,232,"de l' enfant , dans un petit village des",Hautes-Alpes,",",montre,,son,bon sourire de joueur de pétanque et piaule de
115,montrer,4887,FERAOUN Mouloud,Le fils du pauvre,1950-1959,1950,145,"son départ : - Va , mon fils , Dieu sera avec toi . Il",te,,montrera,,le,chemin . Sa mère l' avait embrassé tendrement et
116,montrer,5388,LEDUC Violette,Ravages,1950-1959,1955,124,sa langue . Le chien m' obéissait et m' en voulait ; il,me,,montrait,,le,"sexe décent dans le fourreau des poils , la nudité"
117,montrer,5292,BEAUVOIR Simone de,Les Mandarins,1950-1959,1954,386,de Lachaume ? Demanda Henri . - je l' ai lu . Il me l',a,,montré,,avant,"de le faire passer , et je me suis brouillé avec"
118,montrer,4972,GENEVOIX Maurice,Ceux de 14,1950-1959,1950,575,"; l' un d' eux seulement , avec un triste sourire ,",me,,montre,,d',un signe de tête deux cadavres tombés l' un sur l'
119,montrer,4865,GIONO Jean,Les Âmes fortes,1950-1959,1950,445,""" Elle était belle comme ce marteau , vois -tu ! "" Et il",me,,montrait,,le,marteau dont il faisait usage depuis vingt ans ( c'
120,montrer,4867,GREEN Julien,Moïra,1950-1959,1950,38,"de bois blanc , des gravures dans des cadres",noirs,,montraient,,des,"ruines de villes disparues , un arc de triomphe"
121,montrer,6112,GIONO Jean,Angelo,1960-1969,1965,120,. Ce que j' ai tenu à vous dire dès votre arrivée,vous,,montre,,bien,mon intention de vous faire entrer de plain-pied
122,montrer,6544,CLAVEL Bernard,Les Fruits de l'hiver,1960-1969,1968,205,"sursauts d' orgueil , et , quand quelqu'un venait ,",il,,montrait,,d',un geste de colère son jardin moins bien soigné qu'
123,montrer,6369,ETCHERELLI Claire,Élise ou la vraie vie,1960-1969,1967,249,vint me chercher . Il m' emmena devant une carcasse et,me,,montra,,le,tableau de bord . Je l' avais laissé passer sans en
124,montrer,6146,SARRAZIN Albertine,La Cavale,1960-1969,1965,163,", je vous laisse , installez -vous . Dufon , vous",lui,,montrerez,.,»,Et elle se casse . La fille fourrage dans sa
125,montrer,6292,JAPRISOT Sébastien,La Dame dans l'auto,1960-1969,1966,126,"encore . - Comment il est , votre sourire ? Elle le",lui,,montra,",",en,s' efforçant visiblement d' oublier son
126,montrer,6471,KESSEL Joseph,Les Cavaliers,1960-1969,1967,379,". — Entrave -le au plus près de mon lit , dit Ouroz .",Il,,montra,,l',"attention , l' inquiétude les plus grandes pour la"
127,montrer,5799,DÉON Michel,La Carotte et le bâton,1960-1969,1960,149,"tapa sur l' épaule de Gravereau et , en souriant ,",lui,,montra,,le,panneau lumineux : Fasten your belts . L' avion
128,montrer,6383,DUTOURD Jean,Pluche ou l'amour de l'art,1960-1969,1967,167,", qu' avec telle ou telle de ces beautés , il s'",était,,montré,,fort,"médiocre , sinon tout à fait nul . Cette"
129,montrer,6038,WITTIG Monique,L'Opoponax,1960-1969,1964,181,dernier banc il y a Anne Gerlier et Marie Démone qui,se,,montrent,,des,"images . L' homme a besoin des animaux , pour qu' ils"
130,montrer,6532,NOURISSIER François,Le Maître de maison,1960-1969,1968,155,"que je m' émerveille de lui voir lire , ( je n' en ai",rien,,montré,",",j',ai grommelé « et puis ne le jette pas à l' eau s' il
131,montrer,5926,CLAVEL Bernard,La Maison des autres,1960-1969,1962,37,"ta meringue une minute , donne un tablier à Julien ,",et,,montre,,-lui,pour passer les amandes . Le second alla jusqu' à la
132,montrer,5983,CLAVEL Bernard,Celui qui voulait voir la mer,1960-1969,1963,294,"Tenez , dit -il , ça fait aussi bien qu' un tablier . Il",lui,,montra,,comment,il fallait placer le sac à cheval sur la ficelle
133,montrer,5758,SIMON Claude,La Route des Flandres,1960-1969,1960,54,", les paperasses jaunies que Sabine lui",avait,,montré,,un,"jour , religieusement conservées dans une de ces"
134,montrer,5843,CÉLINE Louis-Ferdinand,Rigodon,1960-1969,1961,164,"pas par sa faute !... à la frontière italienne , il",me,,montrait,,ses,"papiers , il les avait tous ! et les tampons , visas ,"
135,montrer,5827,CÉLINE Louis-Ferdinand,Rigodon,1960-1969,1961,58,... - Nein !... nun uns zwei ! seulement nous deux ! Je,lui,,montre,",",Lili,", moi ... il regarde encore ... ce tampon , l' aigle ,"
136,montrer,6215,DURAS Marguerite,Le Vice-Consul,1960-1969,1965,63,première fois qu' elle bouge depuis ce matin . Elle ne,se,,montre,,pas,", plus jamais . Elle voit : l' enfant dort dans l' eau ,"
137,montrer,6492,YOURCENAR Marguerite,L'Œuvre au noir,1960-1969,1968,678,"comique ou tragique en elle -même banale , mais",qui,,montrait,,dans,cette ville ensommeillée autant de brigues qu'
138,montrer,5931,CLAVEL Bernard,La Maison des autres,1960-1969,1962,93,dans un grand registre . Elle les regarda en,souriant,",",montra,,le,livre et dit : - Il y a beaucoup de courses pour demain et
139,montrer,6401,BATAILLE Michel,L'Arbre de Noël,1960-1969,1967,235,"à juger quiconque puisque , sans cruauté , je me",suis,,montré,,moi,-même le plus cruel des hommes . Le monde nous tient
140,montrer,6177,PERRY Jacques,Vie d'un païen,1960-1969,1965,84,Y' m' a fait peindre . Y' m' a dit d' acheter tout ça . »,Je,,montre,,la,liste à Adèle qui ne sait pas lire . « J' comprends
141,montrer,7211,CAVANNA François,Les Russkoffs,1970-1979,1979,181,"d' effroyables photos de guerre , de celles qu' on",ne,,montre,,jamais,"dans les journaux . Comme tout civil , je ne"
142,montrer,6917,TOURNIER Michel,Les Météores,1970-1979,1975,206,par des hurlements de rire qui redoublent quand,il,,montre,,le,trou de son cul en se baissant pour ramasser son savon .
143,montrer,6687,SABATIER Robert,Trois sucettes à la menthe,1970-1979,1972,241,"de la Chapelle , le théâtre des Bouffes du",Nord,,montrait,,des,"photographies d' acteurs , plus loin le magasin de"
144,montrer,6947,CAUVIN Patrick,Monsieur Papa,1970-1979,1976,51,"était jeune , à Saint-Ouen . Il a même une photo qu'",il,,montre,,toujours,où il est sur le côté avec un short long et une
145,montrer,6927,MALRAUX André,Le Règne du malin,1970-1979,1976,1027,des lignes profondes de la sécheresse . Le guide,les,,montra,,de,"sa lance , en parlant . « Il dit , monsieur de Mayrena ,"
146,montrer,6816,BENOZIGLIO Jean-Luc,La boîte noire,1970-1979,1974,191,tourner plus vite et l' hélicoptère décolla . Tu,te,,montras,,alors,à la porte de la terrasse . Tu dis Qu' est -ce que c'
147,montrer,7074,BOSQUET Alain,Une mère russe,1970-1979,1978,178,"heures . Ma nuit fut tourmentée mais , au matin , j'",ai,,montré,,une,"sorte d' allégresse , qui a dissipé tous tes"
148,montrer,7004,SIMONIN Albert,Confessions d'un enfant de la Chapelle,1970-1979,1977,75,maniable étant donné son calibre . Le boche s',était,,montré,,réellement,très imprudent en venant se frotter à
149,montrer,6919,TOURNIER Michel,Les Météores,1970-1979,1975,357,à rattacher ce qu' il disait au profil qu' il,nous,,montrait,,à,"ce moment -là , son profil droit pour célébrer les"
150,montrer,6843,SABATIER Robert,Les Noisettes sauvages,1970-1979,1974,287,un coeur enflammé tandis qu' à gauche saint,Bernard,,montrait,,un,"parchemin . - C' est la chapelle des pénitents ,"
151,montrer,6775,GARY Romain,Gros-Câlin,1970-1979,1974,36,lorsque je dis aux policiers que tout ce que je lui,avais,,montré,,c',était mon python et que je l' avais même fait venir
152,montrer,6756,CHAIX Marie,Les Lauriers du lac de Constance : Chronique d'une collaboration,1970-1979,1974,139,"carcasses pour lesquelles , seules ,",il,,montrait,,de,la tendresse . Ce grand garçon qui ne me posait
153,montrer,6662,VINCENOT Henri,Le Pape des escargots,1970-1979,1972,276,travaillées ? Mais avez -vous remarqué ceci ? Et,il,,montrait,,un,"escargot , un joli petit escargot ciselé sur une"
154,montrer,6888,CARDINAL Marie,Les mots pour le dire,1970-1979,1975,215,? Avant de porter mes feuillets à la direction je les,ai,,montrés,,à,celui des rédacteurs que je trouvais le plus
155,montrer,7038,CHABROL Jean-Pierre,La Folie des miens,1970-1979,1977,257,du Cirque de Moscou à l' Olympia . Je lui,ai,,montré,,L',Huma du jour : « J' ai de la peine à vous croire quand
156,montrer,6604,TOURNIER Michel,Le Roi des Aulnes,1970-1979,1970,102,de donner un air de désolation à ce capharnaüm . On,se,,montrait,,surtout,une sorte de cratère charbonneux ouvert dans
157,montrer,7067,BOSQUET Alain,Une mère russe,1970-1979,1978,96,"font d' excellentes partenaires au lit , et",elles,,montrent,,dans,les besoins de leur féminité une sorte de grâce
158,montrer,6918,TOURNIER Michel,Les Météores,1970-1979,1975,225,par cet acte d' amour en seconde position qu' il m',a,,montré,",",commentaire,du problème de la proie - de -la - proie et
159,montrer,7203,CAVANNA François,Les Russkoffs,1970-1979,1979,97,grand môme . Tend la main : - Papîrs ! Pâ - piés ! Je,lui,,montre,,ma,"carte d' identité , ma carte des P. T . T . Il me les rend ."
160,montrer,6886,CARDINAL Marie,Les mots pour le dire,1970-1979,1975,133,"besef ! Ya chaba , ya zina , atténi sourdi ! »",Ils,,montraient,,leurs,"moignons , découvraient leurs ulcères ,"
161,montrer,7281,LE CLÉZIO Jean-Marie Gustave,Désert,1980-1989,1980,114,un de ces creux sombres dans la roche calcaire . Il ne,se,,montrera,,plus,"aujourd'hui . Demain , peut-être , ou plus tard ?"
162,montrer,7888,SABATIER Robert,David et Olivier,1980-1989,1985,177,pas à ceux qu' il connaissait . L' oncle Samuel,les,,montra,,aux,"enfants en donnant le nom des peintres : Epstein ,"
163,montrer,7287,LE CLÉZIO Jean-Marie Gustave,Désert,1980-1989,1980,130,plateau aride ; et seul le Hartani le sait . C' est lui,qui,,montre,,à,"Lalla toutes les belles odeurs , parce qu' il"
164,montrer,8078,SOLLERS Philippe,Le Cœur absolu,1980-1989,1987,60,silence pathétique ... Il y aura un photographe ...,Il,,montrera,,en,gros plan mon visage tendu et ruiné ... Ma
165,montrer,7367,MORDILLAT Gérard,Vive la Sociale !,1980-1989,1981,110,"de là , salaud ! Il insista : - Sors de là , merde ! Je",lui,,montrai,,mon,poing serré : - Union ! Action ! Solidarité ! Il me
166,montrer,7596,OLLIVIER Éric,L'Orphelin de mer,1980-1989,1982,142,"marchand , mais pour ces trois visites , il s'",était,,montré,,tout,"propre . Il avait un sale caractère , entêté ,"
167,montrer,7681,ECHENOZ Jean,Cherokee,1980-1989,1983,153,"à passer devant elle , sur la pointe des pieds , elle",ne,,montra,,aucun,étonnement . Le silence et la nuit . Une salle de
168,montrer,7603,THOREZ Paul,Les Enfants modèles,1980-1989,1982,111,"l' avenir . En cela , la pédagogie qui nous",manoeuvrait,,montrait,,toute,sa subtilité . Non seulement la mobilisation
169,montrer,7868,QUEFFÉLEC Yann,Les Noces barbares,1980-1989,1985,267,. Même celui qui l' avait si violemment menacé ne,se,,montrait,,plus,. Il vit une fois survenir au loin des cavaliers
170,montrer,7467,BEAUCHEMIN Yves,Le Matou,1980-1989,1981,204,"n' importe quel père ferait pour son garçon , et",tu,,montres,,les,"dents ! - C' est que j' en ai par-dessus la tête , de"
171,montrer,8075,GARAT Anne-Marie,L'Insomniaque,1980-1989,1987,100,", au téléphone . Dès qu' ils sont ensemble , elle",se,,montre,,odieuse,", provocante . Il n' a pas le temps — faute de"
172,montrer,7513,DEL CASTILLO Michel,La Nuit du décret,1980-1989,1981,44,"comiquement ses bras courts et , de l' index droit ,",il,,montrait,,la,salle du fichier . « Qu' appelez -vous la Nuit du
173,montrer,7319,LE CLÉZIO Jean-Marie Gustave,Désert,1980-1989,1980,362,", inaccessibles . Les habitants des villages ne",se,,montraient,,pas,". Ils avaient fui dans les montagnes , ou bien ils se"
174,montrer,8047,RHEIMS Maurice,Les Greniers de Sienne,1980-1989,1987,272,"déjà , Marano se saisit de la gauche , la retourna , et",la,,montra,,à,"Catherine , entendant par là lui faire juger de leur"
175,montrer,8167,MOHRT Michel,Vers l'Ouest,1980-1989,1988,227,"il avait fait une remarque sur l' un de mes romans , où",il,,montrait,,de,la compréhension et de la sympathie pour le héros .
176,montrer,7249,PONTALIS Jean-Bertrand,Loin,1980-1989,1980,117,"ascendant sur vous , c' est qu' on ne sait jamais si l'on",se,,montre,,d',un aveuglement à toute épreuve ou d' une jalousie
177,montrer,7306,LE CLÉZIO Jean-Marie Gustave,Désert,1980-1989,1980,296,de prendre le petit bout de bois à tour de rôle .,Radicz,,montre,,à,"Lalla comment on fait brûler toute l' allumette , en"
178,montrer,7385,CHANDERNAGOR Françoise,L'Allée du Roi,1980-1989,1981,52,"trop petites , il disparut de nous en un éclair et",nous,,montra,,par,ce moyen qu' il savait aussi bien éviter le combat
179,montrer,8215,BELLOC Denis,Képas,1980-1989,1989,123,soulevé la manche de mon blouson en jean et je lui,ai,,montré,,les,croûtes fraîches sur les veines de mon poignet .
180,montrer,7715,POIROT-DELPECH Bertrand,L'Été 36,1980-1989,1984,134,tirer l' exaltation qu' espérait Alexis . « Je t',en,,montrerai,,plein,", des chariots de Wiesbaden ! » , avait -il"
181,montrer,8400,BAZIN Hervé,L'école des pères,1990-1999,1991,97,. Mais cette rédaction m' intrigue . Louis me l',avait,,montrée,,en,me demandant de la noter et je lui avais répondu :
182,montrer,8830,MODIANO Patrick,Dora Bruder,1990-1999,1997,100,un mince volume de couleur grise qu' il m',avait,,montré,:,La,"Place de l' Étoile de Robert Desnos , dont il avait"
183,montrer,8376,MONFERRAND Hélène de,Journal de Suzanne,1990-1999,1991,50,", mais je me souviens très bien qu' en 1935 elle m'",a,,montré,,comment,on devait porter un sarong . Pour faire sa
184,montrer,8898,JONQUET Thierry,Moloch,1990-1999,1998,154,laquelle il avait attaché sa mobylette . Héléna,lui,,montra,,alors,le plan de la RATP et mima de nouveau le geste de l'
185,montrer,8580,LANZMANN Jacques,La Horde d'or,1990-1999,1994,328,accorde cependant le droit à la colère car je me,suis,,montré,,sot,". Quant à Maimonide , tu t' en rends aisément"
186,montrer,8537,ORMESSON Jean d',La Douane de mer,1990-1999,1993,531,expulsée par le besoin et par le divertissement . Je,ne,,montre,,pas,le chemin qui fait sortir du labyrinthe . Je soutiens
187,montrer,8794,GARAT Anne-Marie,Merle,1990-1999,1996,80,l' ange d' une secousse . Au suivant . Le plan,suivant,,montre,,la,"femme effrayée , soumise à la fatalité de la"
188,montrer,8711,SCHREIBER Boris,Un silence d'environ une demi-heure,1990-1999,1996,98,avec Weidmann lui -même . Elle avait des enfants . On,la,,montrait,,vêtue,d' une robe décolletée . Elle provoquait les
189,montrer,8418,CHAMOISEAU Patrick,Texaco,1990-1999,1992,140,". Chez une sorcière qui filtrait des arômes , il",lui,,montra,,du,"baume de judée , une eau de roses doubles , une eau de"
190,montrer,8555,CECCATTY René de,L'Accompagnement,1990-1999,1994,61,"pas rencontré les infirmières , mais il m'",avait,,montré,,des,lettres et des cartes postales de l' une d' entre
191,montrer,8622,PENNAC Daniel,Monsieur Malaussène,1990-1999,1995,575,. On ne voit rien d' autre . Personne autour du lit . Le,film,,montre,,l',"évolution de ce corps nu , en un seul plan unique et"
192,montrer,8792,GARAT Anne-Marie,Merle,1990-1999,1996,68,du temps endormi . Ce film fait un bruit surprenant .,Il,,montre,,successivement,des plans en noir et blanc tournés dans
193,montrer,8449,ORSENNA Erik,Grand amour,1990-1999,1993,64,peux pas écrire sans eux . - Dans ce cas ... Et ceci ? (,Il,,montrait,,mes,malheureux bagages . ) - Dictionnaires et
194,montrer,8326,KRISTEVA Julia,Les Samouraïs,1990-1999,1990,334,", Saltzman buvait d' excellents bordeaux , mais",ne,,montrait,,aucun,"intérêt pour le français . En revanche , tout"
195,montrer,8561,LANZMANN Jacques,La Horde d'or,1990-1999,1994,50,"à l' aide d' un pinceau réservé à cet usage , elle",se,,montra,,plus,détendue et esquissa un sourire . Charles le lui
196,montrer,8928,DESPLECHIN Marie,Sans moi,1990-1999,1998,197,"pour les messageries . Les filles sont jeunes ,",elles,,montrent,,leurs,"seins , elles montrent leurs langues , elles"
197,montrer,8730,SCHREIBER Boris,Un silence d'environ une demi-heure,1990-1999,1996,456,la veille de Münich . Boris et moi avions vu les,photos,,montrées,,par,"maman . Smokings , robes du soir , restaurant"
198,montrer,8585,LANZMANN Jacques,La Horde d'or,1990-1999,1994,387,mains et jetée en pâture à ses loups . Comme,Gengis,,montrait,,quelque,exaspération d' être tenu à l' écart de la
199,montrer,8879,JONQUET Thierry,Moloch,1990-1999,1998,50,et rangea la feuille de relevés qu' elle,avait,,montrée,,à,l' interne dans le dossier de la petite Lequintrec .
200,montrer,8737,SCHREIBER Boris,Un silence d'environ une demi-heure,1990-1999,1996,502,"sur les meubles de Madame Felici , en dessous , qui s'",en,,montrait,,ravie,", elle , vieille avare , criant alors : « Oh , mon"
201,élucider,"﻿""1""",ROUSSEL Raymond,Impressions d'Afrique,1910-1919,1910,187,les futures amours de Flore . Ce premier,point,,élucidé,",",il,s' agissait de mener l' intrigue le plus
202,élucider,2,MILOSZ Oscar,L'Amoureuse initiation,1910-1919,1910,206,"à notre tour . Si grave que soit un outrage , nous n'",en,,élucidons,,jamais,les mobiles que par le moyen d' un calcul
203,élucider,3,MARTIN DU GARD Roger,Jean Barois,1910-1919,1913,236,", comme autant de points d' histoire",définitivement,,élucidés,!,Simplement,", un renvoi , pour indiquer où les"
204,élucider,4,ROUSSEL Raymond,Locus Solus,1910-1919,1914,106,du doigt percuteur . Ces différents,points,,élucidés,",",Canterel,songea qu' il n' avait pas encore goûté
205,élucider,5,MONTHERLANT Henry de,Le Songe,1920-1929,1922,195,à telle heure ... des histoires ! Ainsi on n' a,rien,,élucidé,",",rien,"expliqué , rien osé dire de ce qu' on s' était"
206,élucider,6,MARTIN DU GARD Roger,Devenir,1920-1929,1928,36,"semble épaisse , engourdie , figée . On n' a",jamais,,élucidé,,si,son impassibilité est naturelle ou entièrement
207,élucider,7,MALÈGUE Joseph,Augustin ou le Maître est là : t. 1,1930-1939,1933,186,de la choisir . à chaque traquenard,tranquillement,,élucidé,",",on,"entendait , sobres et presque muettes , des"
208,élucider,8,MALÈGUE Joseph,Augustin ou le Maître est là : t. 1,1930-1939,1933,315,", pour des raisons que son camarade scientifique",n',,élucidait,,pas,nettement . Lui ne pouvait proposer que des
209,élucider,9,CÉLINE Louis-Ferdinand,Mort à crédit,1930-1939,1936,843,L' enquête officielle n' a rien résolu !...,Rien,,élucidé,,!...,C' était à prévoir ... Les causes de ce
210,élucider,10,QUENEAU Raymond,Odile,1930-1939,1937,557,dit : les questions philosophiques ne peuvent,être,,élucidées,,que,dans une société sans classes lorsque les
211,élucider,11,ROMAINS Jules,Les Hommes de bonne volonté : t. 16 : Verdun,1930-1939,1938,85,"à son offensive des effectifs importants ... """,pas,,élucidée,,encore,", cette question ? Que fait le 2e bureau ? "" ... le"
212,élucider,12,BILLY André,Introïbo,1930-1939,1939,107,"qui n' a pas été , que je sache ,",entièrement,,élucidé,.,Les,"sacrements à caractère , le baptême , la"
213,élucider,13,QUEFFÉLEC Henri,Un recteur de l'île de Sein,1940-1949,1944,190,sur les jalousies de pêcheur à pêcheur et,il,,élucidait,,de,"vieilles énigmes , il rencontrait des"
214,élucider,14,CENDRARS Blaise,L'Homme foudroyé,1940-1949,1945,226,couple . Le cas de Remy de Gourmont n' a pas encore,été,,élucidé,,publiquement,( « Aux moments de la plus grande
215,élucider,15,JACCOTTET Philippe,La Mort à Venise [trad.],1940-1949,1947,111,", c' est que l' ivresse lui était trop chère .",Qui,,élucidera,,l',essence d' une nature d' artiste et l' empreinte qui
216,élucider,16,QUENEAU Raymond,"Saint Glinglin, précédé de Gueule de Pierre et de Les Temps Mêlés",1940-1949,1948,41,incessante activité de la fourmi commune . Je,leur,,éluciderai,,la,"chose , et ils reviendront alors sur les jugements"
217,élucider,17,KATEB Yacine,Nedjma,1950-1959,1956,147,silence ! Assassiné en des circonstances,jamais,,élucidées,",",le,père de Rachid avait laissé à ses veuves leurs
218,élucider,18,PILHES René-Victor,La Rhubarbe,1960-1969,1965,33,", pénurie d' hommes dans la famille . J' ai",donc,,élucidé,,l',énigme de la deuxième couronne : elle est offerte
219,élucider,19,YOURCENAR Marguerite,L'Œuvre au noir,1960-1969,1968,766,"hermétiques , placé au coeur des choses , en qui",s',,élucide,,et,se profère ce qui partout ailleurs est infus et
220,élucider,20,YOURCENAR Marguerite,L'Œuvre au noir,1960-1969,1968,790,encore n' avait explorés et qui un jour,peut-être,,élucideraient,,tout,". Le grand mérite de la magie , et de l' alchimie"
221,élucider,21,PEREC Georges,W ou le souvenir d'enfance,1970-1979,1975,145,parfaitement marquée . Pour des raisons,mal,,élucidées,",",cette,cicatrice semble avoir eu pour moi une
222,élucider,22,CARDINAL Marie,Les mots pour le dire,1970-1979,1975,203,"capable de l' assumer . Comment , au moment où j'",avais,,élucidé,,l',"hallucination , ne m' étais -je pas arrêtée au"
223,élucider,23,CARDINAL Marie,Les mots pour le dire,1970-1979,1975,223,amenais mes rêves dans l' impasse . Je les avais,tous,,élucidés,",",ou,"presque , mais j' aimais bien faire étalage chez"
224,élucider,24,TOURNIER Michel,Les Météores,1970-1979,1975,286,"de moi -même , d' une grille de déchiffrement",qui,,élucide,,toutes,"mes énigmes , d' une clé qui ouvre sans"
225,élucider,25,DOUBROVSKY Serge,Fils,1970-1979,1977,147,Marx aux hommes j' édicte leurs actes Freud,j',,élucide,,leurs,rêves je règne dans l' Universel Moi c' est l'
226,élucider,26,DOUBROVSKY Serge,Fils,1970-1979,1977,288,sur un plat d' argent . Je me trucide . Toujours,pas,,élucidé,.,—,"What else ? — Well , it's all in the dream . I want"
227,élucider,27,PEREC Georges,La Vie mode d'emploi : romans,1970-1979,1978,286,noyée dans des circonstances,imparfaitement,,élucidées,.,Le,second visiteur est celui qui porte le costume de
228,élucider,28,PEREC Georges,La Vie mode d'emploi : romans,1970-1979,1978,286,a entendu crier . Les circonstances de la mort,sont,,élucidées,,sans,aucun problème : il y avait une longue plaque d'
229,élucider,29,PEREC Georges,La Vie mode d'emploi : romans,1970-1979,1978,345,des circonstances qui ne furent qu',imparfaitement,,élucidées,.,Hélène,"Brodin , la dernière des enfants de Juste"
230,élucider,30,PEREC Georges,La Vie mode d'emploi : romans,1970-1979,1978,393,"en mai mille neuf cent soixante , lorsque",fut,,élucidée,,l',"énigme de Chaumont-Porcien , que l'on comprit que"
231,élucider,31,PEREC Georges,La Vie mode d'emploi : romans,1970-1979,1978,493,"à Paris lors de soirées mondaines , et non",encore,,élucidés,;,il,se sentit tressaillir lorsqu' il constata que les
232,élucider,32,PEREC Georges,Un cabinet d'amateur : histoire d'un tableau,1970-1979,1979,86,"autorisé la reproduction ) ,",Nowak,,élucidait,,enfin,l' énigme de ces minuscules variations qui
233,élucider,33,CLUNY Claude Michel,Un jeune homme de Venise,1980-1989,1983,208,les variations . Un autre point que le récit,n',,élucide,,pas,", évidemment , reste celui de sa datation . Les"
234,élucider,34,VERGNE Anne,L'Innocence du boucher,1980-1989,1984,119,", lui réussissait mieux . - Pour la",cicatrisation,",",élucida,,-t-il,", en arborant sa main lourdement pansée , ce qui"
235,élucider,35,DORIN Françoise,Les jupes-culottes,1980-1989,1984,33,". Allons bon ! A peine , avec cette",femme,",",élucidait,,-on,un mystère qu' on retombait dans un autre !
236,élucider,36,ORMESSON Jean d',Le Vent du soir,1980-1989,1985,238,. Le mystère reste entier et n' a jamais pu,être,,élucidé,.,Les,Finkelstein ont fait face au malheur avec une
237,élucider,37,DOUBROVSKY Serge,Le Livre brisé,1980-1989,1989,234,"tous les autres , Traumdeutung , chapitre II : une",fois,,élucidé,",",enfante,"le système . Justement , de ça qu' il s' agit"
238,élucider,38,CHAMOISEAU Patrick,Texaco,1990-1999,1992,48,", lutter c' était en nous . La sève du feuillage ne",s',,élucide,,qu',au secret des racines . Pour comprendre Texaco et l'
239,élucider,39,ROLIN Jean,L'Organisation,1990-1999,1996,162,"seul homme , jusqu' à ce qu' un crime , d' ailleurs",non,,élucidé,",",eût,transformé en destin la vie de l' un de nous deux
240,élucider,40,GARAT Anne-Marie,István arrive par le train du soir,1990-1999,1999,103,"humaines est affreuse , aucune psychanalyse ne",l',,élucide,.,Le,plus souvent elle ressemble simplement à un
241,illustrer,"﻿""1""",COLETTE ,Claudine à l'école,1900-1909,1900,146,", et enfouit prudemment dans sa poche un Gil",Blas,,illustré,,qu',elle abritait entre deux feuilles de son histoire
242,illustrer,2,MIRBEAU Octave,Le Journal d'une femme de chambre,1900-1909,1900,116,collection d' humanité loufoque et déréglée,qui,,illustrait,,cette,"maison bien moderne ... une nuit , j' étais de"
243,illustrer,3,MIRBEAU Octave,Le Journal d'une femme de chambre,1900-1909,1900,200,d' exemples démonstratifs et,péremptoires,",",illustré,,de,noms connus ... - la nuance ... disait le vicomte
244,illustrer,4,PHILIPPE Charles-Louis,Le Père Perdrix,1900-1909,1902,261,"l' escalier , qui réveillaient les murs",et,,illustraient,,chacun,de ses pas d' un bruit guerrier comme si sa vie
245,illustrer,5,JARRY Alfred,Le Surmâle,1900-1909,1902,52,les dates et sa barbe blanche . Il s',était,,illustré,,par,"ses découvertes toxicologiques , et avait été"
246,illustrer,6,ADAM Paul,L'Enfant d'Austerlitz,1900-1909,1902,420,"à mi-hauteur , les murs étaient ,",au-dessus,",",illustrés,,par,les tableaux d' un chemin de la croix . Enfin l'
247,illustrer,7,HUYSMANS Joris-Karl,"L'Oblat, 2",1900-1909,1903,99,encore un volume de ce religieux nommé Durand,qui,,illustrait,,si,magnifiquement les livres liturgiques de l'
248,illustrer,8,HUYSMANS Joris-Karl,"L'Oblat, 2",1900-1909,1903,104,"que les bénédictines de Maredret , en Belgique ,",ont,,illustré,,un,superbe manuscrit de la règle de saint Benoît
249,illustrer,9,FRAPIÉ Léon,La Maternelle,1900-1909,1904,130,chipée aux grands . Je sais que,Mademoiselle,,illustrera,,son,"récit de dessins au tableau noir , merveilleux"
250,illustrer,10,THARAUD Jérôme,"Dingley, l'illustre écrivain",1900-1909,1906,138,"l' égypte , tous les endroits de la terre qu' il",avait,,illustrés,,par,un livre . Rien ne vaut pour clouer la mémoire d' un
251,illustrer,11,ROLLAND Romain,Jean-Christophe : La Révolte,1900-1909,1907,473,"de modes , ou devant les magasins de cartes",postales,,illustrées,",",où,l'on voyait pêle-mêle des scènes
252,illustrer,12,LEROUX Gaston,Le Mystère de la chambre jaune,1900-1909,1907,59,"énoncées , étiquetées ,",annotées,",",illustrées,,de,photographies et de dessins . Tout cela était
253,illustrer,13,MILLE Pierre,Barnavaux et quelques femmes,1900-1909,1908,3,ces parois de bambou couvertes de vieilles,affiches,,illustrées,,qui,rappelaient ironiquement Paris . L' obscurité
254,illustrer,14,HAMP Pierre,Marée fraîche ; Vin de champagne,1900-1909,1909,29,blanches et des cheminées à fumées,noires,",",illustrait,,l',espace de dessins imprévus . L' horizon ouvert par
255,illustrer,15,HAMP Pierre,Marée fraîche ; Vin de champagne,1900-1909,1909,71,"qui dînait seul , y répliqua par un discours",animé,",",illustré,,d',une pantomime de gestes culinaires . Il paraissait
256,illustrer,16,HAMP Pierre,Marée fraîche ; Vin de champagne,1900-1909,1909,119,tenait sous ses coudes les gravures du,supplément,,illustré,,du,petit journal . Posier les regardait par-dessus
257,illustrer,17,MILOSZ Oscar,L'Amoureuse initiation,1910-1919,1910,175,"; des foetus polycéphales , marinés et",livides,",",illustraient,,parfois,de leurs puérils ébats ces fougueuses et
258,illustrer,18,ROUSSEL Raymond,Impressions d'Afrique,1910-1919,1910,287,"les moustiques . Mais , pour l' auteur du",billet,,illustré,,adressé,"à Djizmé , la simple captivité exempte de"
259,illustrer,19,ROLLAND Romain,Jean-Christophe : Le Buisson ardent,1910-1919,1911,1269,": magistrats et fonctionnaires , qui s'",étaient,,illustrés,,en,boudant le pouvoir ou en se faisant révoquer ; gros
260,illustrer,20,ROLLAND Romain,Jean-Christophe : Le Buisson ardent,1910-1919,1911,1305,; et ils regardaient ensemble les cartes,postales,,illustrées,.,C',étaient d' heureux moments ; ils oubliaient
261,illustrer,21,LARBAUD Valery,"A.O. Barnabooth, ses oeuvres complètes : le Pauvre chemisier ; Poésies ; Journal intime",1910-1919,1913,157,", il s' est manqué . Du reste , voici quelques",journaux,,illustrés,,qui,"vous montreront ... "" et il tire de sa petite boîte"
262,illustrer,22,BARRÈS Maurice,La Colline inspirée,1910-1919,1913,127,"une loque humaine , une épave dont le seul",aspect,,illustrait,,d',une manière probante les confidences du chanoine
263,illustrer,23,ROUSSEL Raymond,Locus Solus,1910-1919,1914,19,"rendit au Morne - Vert , montagne enchantée qu'",avait,,illustrée,,autrefois,un studieux voyage de Jouël . Vers la fin de
264,illustrer,24,ROUSSEL Raymond,Locus Solus,1910-1919,1914,261,lui remit plusieurs traités d' entomologie,bien,,illustrés,",",qu',elle put feuilleter à loisir . Après diverses
265,illustrer,25,CARCO Francis,Jésus-la-Caille,1910-1919,1914,15,costauds reconnus par tous . Son adresse au couteau,l',,illustra,.,Il,devint un grand et solide maquereau . Sa gloire
266,illustrer,26,BARBUSSE Henri,Le Feu,1910-1919,1916,23,; son frère Joseph vendait des journaux et des,romans,,illustrés,,dans,"une gare du réseau de l' état , tandis que , loin"
267,illustrer,27,PROUST Marcel,À la recherche du temps perdu. 4. À l'ombre des jeunes filles en fleurs,1910-1919,1918,455,est d' un même temps se ressemble ; les artistes,qui,,illustrent,,les,poèmes d' une époque sont les mêmes que font
268,illustrer,28,PROUST Marcel,À la recherche du temps perdu. 5. À l'ombre des jeunes filles en fleurs,1910-1919,1918,576,villes ) : les éditions d' histoire de la,peinture,,illustrées,",",les,"concerts symphoniques et les études sur les """
269,illustrer,29,PROUST Marcel,À la recherche du temps perdu. 6. À l'ombre des jeunes filles en fleurs,1910-1919,1918,838,"exemple , telle de ces photographies "" magnifiques","""",,illustrera,,une,"loi de la perspective , nous montrera telle"
270,illustrer,30,FRANCE Anatole,Le Petit Pierre,1910-1919,1918,51,et d' incrédulité les affirmations,toujours,,illustrées,,d',exemples que lui faisait cet éloquent épicier .
271,illustrer,31,FRANCE Anatole,Le Petit Pierre,1910-1919,1918,158,autrefois papegai ou papegaut . Ce que mon,parrain,,illustra,,par,"cet exemple : - gai comme un papegai , dit Rabelais ."
272,illustrer,44,GIRAUDOUX Jean,Bella,1920-1929,1926,224,pendant l' arrêt de son pouls . Un dieu,inconnu,,illustrait,,la,"vie de Fontranges . Au retour , Gilbert sentit le"
273,illustrer,40,PROUST Marcel,À la recherche du temps perdu. 19. Le Temps retrouvé,1920-1929,1922,718,"écouter , que le journal cité avait si",péniblement,,illustrée,,pour,"moi , n' était pourtant pas totale . Il y avait en"
274,illustrer,54,COLETTE ,Sido,1920-1929,1929,69,", à sa dernière enfant ... j' aurais",volontiers,,illustré,,ces,pages d' un portrait photographique . Mais il m'
275,illustrer,45,ARAGON Louis,Le Paysan de Paris,1920-1929,1926,769,"Bleu , le Chaperon Rouge et le Loup , c' est toi",qui,,illustres,,alors,Jules Verne et qui transportes par-delà les
276,illustrer,52,COCTEAU Jean,Les Enfants terribles,1920-1929,1929,87,"la strophe superbe , ne se rendant pas compte qu'",elle,,illustrait,,la,chambre et la beauté d' Elisabeth . Elisabeth
277,illustrer,37,PROUST Marcel,À la recherche du temps perdu. 11. Sodome et Gomorrhe,1920-1929,1922,776,de l' hôtel . Il faut qu' elles ne soient pas bien,"""",,illustrées,,"""",pour causer ainsi . à moins qu' on ne les ait
278,illustrer,51,BRETON André,Nadja,1920-1929,1928,142,"ou moins contre mon entreprise , de sorte que la",partie,,illustrée,,de,"Nadja fût , à mon gré , insuffisante : Becque"
279,illustrer,43,DEKOBRA Maurice,La Madone des sleepings,1920-1929,1925,10,"de feu monsieur Jean Lorrain , mais je n' ai",point,,illustré,,mes,"lectures de démonstrations concomitantes , ni"
280,illustrer,53,COCTEAU Jean,Les Enfants terribles,1920-1929,1929,169,révolte bourgeoise d' Agathe ravissait,Elisabeth,",",illustrait,,l',"attitude qu' elle prêtait au jeune ménage ,"
281,illustrer,49,DUHAMEL Georges,Le Journal de Salavin,1920-1929,1927,126,médecins qui nous renverront notre carte,postale,,illustrée,,devront,recevoir ... combien disions -nous ? - nous
282,illustrer,39,PROUST Marcel,À la recherche du temps perdu. 14. La Prisonnière,1920-1929,1922,16,"Paris . Car , selon le code de Françoise tel qu' il",est,,illustré,,dans,"les bas-reliefs de Saint-André-des-Champs ,"
283,illustrer,35,GIRAUDOUX Jean,Siegfried et le Limousin,1920-1929,1922,179,international des gens heureux avec son,supplément,,illustré,,des,"bêtes et des plantes heureuses , et ses"
284,illustrer,50,SOUPAULT Philippe,Le Nègre,1920-1929,1927,30,qu' une lamproie et sur cette noble terre,qu',,illustrent,,les,éclats de rire et le sang du boeuf . Je le regarde
285,illustrer,46,GENEVOIX Maurice,La Boîte à pêche,1920-1929,1926,54,surtout il prêchait d' exemple . Chaque parole,s',,illustrait,,d',un geste . Il continuait : - Je prends mon poisson
286,illustrer,32,PROUST Marcel,À la recherche du temps perdu. 8. Du côté de Guermantes 1,1920-1929,1920,99,"suivi dans sa lettre , mais",naïvement,,illustré,,par,"des détails réels empruntés à la vie locale ,"
287,illustrer,33,PROUST Marcel,À la recherche du temps perdu. 8. Du côté de Guermantes 1,1920-1929,1920,168,"nous avions l' air de nous trouver dans un "" foyer """,qu',,illustraient,,des,"portraits anciens de la troupe , tant les"
288,illustrer,38,PROUST Marcel,À la recherche du temps perdu. 11. Sodome et Gomorrhe,1920-1929,1922,776,"aisément que pureté était dit pour "" puberté "" .","""",,illustrées,,"""",m' embarrassa davantage . Peut-être était -il
289,illustrer,34,MARTIN DU GARD Roger,Les Thibault : Le Pénitencier,1920-1929,1922,769,; elle lui apportait un album plein de,cartes,,illustrées,",",d',"autographes , de fleurs séchées : sa vie de"
290,illustrer,36,GIRAUDOUX Jean,Siegfried et le Limousin,1920-1929,1922,286,sentions que sa mémoire de sculpteur complétait,ou,,illustrait,,l',autre . C' étaient des mains qui avaient beaucoup
291,illustrer,42,COLETTE ,La Maison de Claudine,1920-1929,1922,43,"histoire de jeune fille enlevée ,",séquestrée,",",illustrait,,la,"première page des journaux . Un chemineau ,"
292,illustrer,58,CÉLINE Louis-Ferdinand,Voyage au bout de la nuit,1930-1939,1932,100,s' offrir au plus héroïque d' entre nous . Le,poète,,illustrait,,pieusement,à ce moment -là un fantastique trait de
293,illustrer,82,ROMAINS Jules,Les Hommes de bonne volonté : t. 18 : La Douceur de la vie,1930-1939,1939,41,"de Paris , de la veille , et même une carte",postale,,illustrée,",",représentant,"la cathédrale , que j' enverrai à"
294,illustrer,69,CÉLINE Louis-Ferdinand,Mort à crédit,1930-1939,1936,645,s' apportait exprès là-haut Les Belles,Aventures,,illustrées,.,Il,les lisait pour lui tout seul . Il les étalait sur
295,illustrer,56,CÉLINE Louis-Ferdinand,Voyage au bout de la nuit,1930-1939,1932,66,des dates des principales hécatombes dont elle,fut,,illustrée,,...,C' est tout ce que les hommes ont réussi jusqu' ici
296,illustrer,65,GUILLOUX Louis,Le Sang noir,1930-1939,1935,21,"Fallières , que Maïa avait extrait du Petit",Journal,,illustré,",",c',était un agrandissement que Cripure avait fait
297,illustrer,71,PERRET Jacques,Roucou,1930-1939,1936,53,! Le pouce renversé au-dessus de la bouche,ouverte,,illustra,,l',"étymologie du nom . Bret , qui avait eu un Saramaca du"
298,illustrer,70,PERRET Jacques,Roucou,1930-1939,1936,34,"en main , il esquissa un geste vague que la",fumée,,illustra,,quelques,"instants : il y avait là en puissance , dans"
299,illustrer,63,TZARA Tristan,Faites vos jeux,1930-1939,1934,263,met en désordre les vieilles cartes,postales,,illustrées,",",déchire,son deuil sur le basalte sonore . Je n' ai
300,illustrer,62,MALÈGUE Joseph,Augustin ou le Maître est là : t. 1,1930-1939,1933,69,", des lectures de rencontre , l' étalage des",journaux,,illustrés,,à,"la modern' library , - filles saumon clair et"
301,illustrer,73,ARAGON Louis,Les Beaux quartiers,1930-1939,1936,10,"différents , et que ça a pris plus d' un an à la",mode,,illustrée,,de,"reproduire , même qu' un numéro de juin s' étant"
302,illustrer,77,YOURCENAR Marguerite,Les Vagues [trad.],1930-1939,1937,228,"du rêve . "" J' ai envoyé au directeur du",journal,,illustré,,la,"solution du problème de samedi , se dit le petit"
303,illustrer,66,VAN DER MEERSCH Maxence,Invasion 14,1930-1939,1935,64,"en un journal abondant , épais ,",copieusement,,illustré,",",rehaussé,"d' annonces et de photos suggestives ,"
304,illustrer,81,MONTHERLANT Henry de,Les Lépreuses,1930-1939,1939,1440,", la relégation . Aussi - à cause d' un",livre,,illustré,,de,"son enfance , - les monstrueuses inventions de l'"
305,illustrer,74,ARAGON Louis,Les Beaux quartiers,1930-1939,1936,68,", lui prêta le jardin de Bérénice dans l'",édition,,illustrée,,à,"1 fr. 50 , et la mystique d' Armand devint follement"
306,illustrer,68,CÉLINE Louis-Ferdinand,Mort à crédit,1930-1939,1936,565,marchande sur sa chaufferette Les Belles,Aventures,,illustrées,.,Elle,"me les cachait même dans son froc , sous ses"
307,illustrer,57,CÉLINE Louis-Ferdinand,Voyage au bout de la nuit,1930-1939,1932,99,occasion et le même jour aux envoyés d' un grand,«,,Illustré,,national,» qui nous photographia tous ensemble sur
308,illustrer,75,ARAGON Louis,Les Beaux quartiers,1930-1939,1936,294,mais dont il avait lu la tétralogie dans l',édition,,illustrée,,d',"Hachette . Puis il y avait le fils Cotin , de"
309,illustrer,78,DUHAMEL Georges,Chronique des Pasquier. 7. Cécile parmi nous,1930-1939,1938,49,exagéré de dire pathétique . Connaissez -vous,l',,illustre,,Monsieur,"Noël Chérouvier . Il n' y a pas à dire , c' est"
310,illustrer,59,ROMAINS Jules,Les Hommes de bonne volonté : t. 1 : Le 6 octobre,1930-1939,1932,283,des oeuvres complètes . Les éditions,populaires,,illustrées,.,Les,"poètes . Les romanciers . Les penseurs . - ça ,"
311,illustrer,55,COHEN Albert,Solal,1930-1939,1930,194,", son mariage , son écurie de courses et les",revues,,illustrées,,feraient,"le reste . Solal , lui , n' avait que Solal . Il"
312,illustrer,109,BAZIN Hervé,La Tête contre les murs,1940-1949,1949,146,n' y a pas assez de patères . La moitié des torses,sont,,illustrés,:,généralement,avec un goût déplorable . Un
313,illustrer,92,CENDRARS Blaise,L'Homme foudroyé,1940-1949,1945,399,"à gauche , et , à droite , que des ouvrages",érotiques,,illustrés,,...,Roulure ! ... Je renâclais comme une bête en
314,illustrer,90,TRIOLET Elsa,Le Premier accroc coûte deux cents francs,1940-1949,1945,59,préau d' école pendant la classe . Une,vespasienne,,illustrée,,de,"réclames en occupait le milieu , telle une"
315,illustrer,102,GENET Jean,Notre-Dame-des-fleurs,1940-1949,1948,49,douceurs . De vieux journaux de mode traînaient,là,",",illustrés,,de,gravures où les femmes de 1910 avaient toujours un
316,illustrer,97,FALLET René,Banlieue Sud-Est,1940-1949,1947,235,"banque , sur toute la longueur de l' Histoire de",France,,illustrée,,par,"Paulin et Dessertenne , revue et corrigée par"
317,illustrer,84,NÉMIROVSKY Irène,Suite française,1940-1949,1942,238,"» D' autres , par des caricatures ou des",graphiques,",",illustraient,,la,domination anglaise dans le monde et la tyrannie
318,illustrer,101,GENET Jean,Notre-Dame-des-fleurs,1940-1949,1948,46,"les intérieurs dorés , à travers la",guipure,,illustrée,,de,"motifs travaillés : fleurs , feuilles d' acanthe ,"
319,illustrer,107,BERNANOS Georges,Un mauvais rêve,1940-1949,1948,924,", prenant naïvement l' attitude connue du",public,",",illustrée,,par,"tant de photographies . - après tout , je m' en"
320,illustrer,100,GENET Jean,Notre-Dame-des-fleurs,1940-1949,1948,10,"et de cour , j' ai cueilli çà et là , sur la",couverture,,illustrée,,de,"quelques romans d' aventures , un jeune métis"
321,illustrer,86,GUILLOUX Louis,Le Pain des rêves,1940-1949,1942,354,"et Filochard - , de petits livrets non moins",vivement,,illustrés,:,Nick,"Carter , Buffalo - Bill , les Aventures d' un"
322,illustrer,111,COLETTE ,La vagabonde,1940-1949,1949,153,bureau genre anglais que j' ai déjà vu tant de,fois,",",illustré,,de,"photographies étrangères : dames en buste ,"
323,illustrer,91,VAILLAND Roger,Drôle de jeu,1940-1949,1945,97,"penser , dit Marat , à une image d' un grand",livre,,illustré,,sur,Bonaparte que j' ai eu comme prix d' excellence (
324,illustrer,93,CENDRARS Blaise,L'Homme foudroyé,1940-1949,1945,455,régulièrement . Je lui envoie des cartes,postales,,illustrées,",",les,photos des saints de nos cathédrales et tout ce
325,illustrer,110,BAZIN Hervé,La Tête contre les murs,1940-1949,1949,345,dit à ce sujet : nous n' y reviendrons pas . Mais rien,n',,illustre,,mieux,la manière dont le répressif se confond avec le
326,illustrer,98,GENET Jean,Miracle de la rose,1940-1949,1947,38,", qui en escaladait les rochers dans les",pages,,illustrées,,de,mon enfance . Les transports furent finis . Les
327,illustrer,94,CENDRARS Blaise,L'Homme foudroyé,1940-1949,1945,482,"des romans , des vrais romans . C' est ainsi que j'",ai,,illustré,,Mr.,"Pickwick de Dickens et , après mon deuxième"
328,illustrer,105,GENET Jean,Notre-Dame-des-fleurs,1940-1949,1948,219,"Le Bêcheur . » Dans cette séance solennelle ,",il,,illustrait,,fort,justement une pancarte clouée à une porte
329,illustrer,112,MALET Léo,Le Soleil n'est pas pour nous,1940-1949,1949,119,"tombé sur cet article concernant le mildiou ,",qu',,illustrait,,une,"jolie feuille de vigne , une feuille de vigne"
330,illustrer,104,GENET Jean,Notre-Dame-des-fleurs,1940-1949,1948,216,les femmes du village galiléen . La beauté de,Marie,,illustrait,,le,bourg . être la mère humaine d' une divinité est
331,illustrer,113,MALET Léo,Le Soleil n'est pas pour nous,1940-1949,1949,139,"ajusté , reposait sur un vieux Petit",Journal,,illustré,.,Une,"affiche , placardée à la tête du lit , conviait"
332,illustrer,114,ZOBEL Joseph,La Rue Cases-Nègres,1950-1959,1950,226,est basse . Alors tu enverras une belle carte,postale,,illustrée,,à,"m' man Tine . Je n' en eus point de chagrin , car ma"
333,illustrer,115,GENEVOIX Maurice,Ceux de 14,1950-1959,1950,378,", une image coloriée , première page d' un",journal,,illustré,,daté,"de 98 , représente un dompteur dévoré par ses"
334,illustrer,116,NIMIER Roger,Le Hussard bleu,1950-1959,1950,192,tout d' un coup transporté dans un grand Jules,Verne,,illustré,",",ses,"traits un peu affadis par un dessinateur de 1890 ,"
335,illustrer,117,FALLET René,Le Triporteur,1950-1959,1951,28,qui n' aimait pas les pauvres et s',était,,illustré,,à,"Verdun . Où il avait pris , dans les années vingt ,"
336,illustrer,118,VIALATTE Alexandre,Les Fruits du Congo,1950-1959,1951,164,", la flamme baissée , coiffée d' un",abat-jour,,illustré,,de,scènes . humoristiques qui retraçaient la vie du
337,illustrer,119,BAZIN Hervé,Le Bureau des mariages,1950-1959,1951,51,Julie ou à Marguerite des propositions,précises,",",illustrées,,par,de solides esquisses anatomiques . Une
338,illustrer,120,GIBEAU Yves,Allons z'enfants,1950-1959,1952,160,s' agissait -il d' un roman d' aventures,superbement,,illustré,,...,Du Vicomte de Bragelonne ? Du Dernier des Mohicans
339,illustrer,121,ROBBE-GRILLET Alain,Les Gommes,1950-1959,1952,236,avec son coupe-papier . C' est une carte,postale,,illustrée,",",qui,représente une petite maison de faux style
340,illustrer,122,MERLE Robert,La Mort est mon Métier,1950-1959,1952,175,des camarades et des chefs des Corps francs,s',,illustraient,,dans,"la résistance , notamment le Lieutenant Leo"
341,illustrer,123,VIAN Boris,L'Arrache-cœur,1950-1959,1953,192,"? Il faudrait un gros livre , sur papier",couché,,illustré,,d',"eaux-fortes en couleurs , dues au burin fertile de"
342,illustrer,124,SIMONIN Albert,Touchez pas au grisbi,1950-1959,1953,47,pouvait rivaliser ; mais c' était quand même,moins,,illustré,.,Sur,"les photos de Frédo , les bourres avaient dû en"
343,illustrer,125,DUVIGNAUD Jean,L'Or de La République,1950-1959,1957,16,", dit Rufus , que cette troupe et son",recrutement,,illustrent,,la,décadence de notre vieux monde . Je ne dis pas qu' un
344,illustrer,126,BUTOR Michel,La Modification,1950-1959,1957,222,murs de chaque côté de la fenêtre comme celles,qui,,illustrent,,ce,"compartiment , cette chambre provisoire et"
345,illustrer,127,SIMON Claude,L'Herbe,1950-1959,1958,159,", comme dans ces tableaux reproduits dans les",pages,,illustrées,,du,Petit Larousse représentant un de ces épisodes
346,illustrer,128,GIONO Jean,Hortense,1950-1959,1958,825,un dragon pour la première page du Petit,Journal,,illustré,.,Les,deux hommes firent une longue promenade au bord
347,illustrer,129,GIONO Jean,Hortense,1950-1959,1958,852,» concernant ces projets ; elle,était,,illustrée,,de,"schémas et de croquis . Il délimita , sur le"
348,illustrer,130,SIMONIN Albert,Du mouron pour les petits oiseaux,1960-1969,1960,273,", ça t' aurait semblé pas croyable ! Inutile qu'",il,,illustre,,plus,"clairement sa gamberge le lardu , Armand entrave ."
349,illustrer,131,SOLLERS Philippe,Le parc,1960-1969,1961,107,. C' était un livre jaune à couverture,cartonnée,",",illustré,,de,dessins très simples ; éléments familiers et
350,illustrer,132,MAC ORLAN Pierre,Sous la lumière froide,1960-1969,1961,59,on travaille sur du papier blanc . J' avais,déjà,,illustré,,sans,"fantaisie quelques ouvrages populaires , quand"
351,illustrer,133,CLAVEL Bernard,La Maison des autres,1960-1969,1962,311,"pour le montrer aux autres , il ajouta : - Et c'",est,,illustré,.,Vous,pouvez voir . Toujours la même greluche !
352,illustrer,134,CABANIS José,Les Jeux de la nuit,1960-1969,1964,13,"lui parlais de ce voyage aux pyrénées , qu' il",avait,,illustré,",",où,"il y a des ravins , des grottes , des ruines , des"
353,illustrer,135,PEREC Georges,Les Choses,1960-1969,1965,15,"de maillechort et de carton bouilli ,",naïvement,,illustrée,",",faussement,"ancienne . Derrière le bureau , à demi"
354,illustrer,136,DUCHARME Réjean,L'avalée des avalés,1960-1969,1966,333,"l' habit d' un soldat qui meurt à ses pieds , se bat et",s',,illustre,.,Il,est de nouveau arrêté . Il refuse de dire qui il est
355,illustrer,137,SABATIER Robert,Le Chinois d'Afrique,1960-1969,1966,315,recollée avec du papier kraft gommé . L',insanité,,illustrée,,d',un phallus . L' amoncellement des draps sales . L'
356,illustrer,138,MONESI Irène,Nature morte devant la fenêtre,1960-1969,1966,117,"comme un signe infamant , un mot de Saint-Just",qui,,illustrait,,son,"isolement : "" Un peuple qui n' est pas heureux n' a"
357,illustrer,139,GIONO Jean,Le Déserteur,1960-1969,1966,195,"de Paris , journal de littérature",amusante,",",illustré,,de,"très belles gravures » , publie , dans son"
358,illustrer,140,LE CLÉZIO Jean-Marie Gustave,Le Déluge,1960-1969,1966,158,"de la femme rousse . En chemin , il acheta un",journal,,illustré,,pour,le petit garçon . Il arriva à temps pour le
359,illustrer,141,GIRAUD Robert,La Coupure,1960-1969,1966,160,", un article de cette importance , en première page",et,,illustré,,par,"un dessin , mon Dieu , ça va chercher dans les"
360,illustrer,142,DUTOURD Jean,Pluche ou l'amour de l'art,1960-1969,1967,32,"ennui ou du souci , je l' ai payé au poids de l' or . Rien",n',,illustre,,mieux,mon propos que les soirées dans les boîtes de
361,illustrer,143,BAZIN Hervé,Le Matrimoine,1960-1969,1967,14,. Quelques CC ( nous ne faisions pas de miracles,),,illustrent,,ailleurs,"les corps à corps . Quant à la note , elle"
362,illustrer,144,BAZIN Hervé,Le Matrimoine,1960-1969,1967,169,", de polos , de slips nains , de bavettes en",éponge,,illustrées,,de,"fables , de mi-bas , de socquettes , de mulettes , de"
363,illustrer,145,GROULT Benoîte,Il était deux fois,1960-1969,1968,148,tard en feuilletant avec elle des revues,médicales,,illustrées,,d',admirables maladies en couleurs qui la
364,illustrer,146,PEREC Georges,La Disparition,1960-1969,1969,85,", 8 Où l'on dira trois mots d' un tumulus où Trajan",s',,illustra,",",JOURNAL,D' ANTON VOYL Un lundi . 8 Où l'on dira trois
365,illustrer,147,PEREC Georges,La Disparition,1960-1969,1969,85,. 8 Où l'on dira trois mots d' un tumulus où Trajan,s',,illustra,,JOURNAL,"D' ANTON VOYL Un lundi . Oui , il y a aussi Ismaïl"
366,illustrer,186,PEREC Georges,La Vie mode d'emploi : romans,1970-1979,1978,47,qu' il avait sculpté lui -même et dont les,motifs,,illustraient,,les,scènes capitales de L' île mystérieuse : la
367,illustrer,187,PEREC Georges,La Vie mode d'emploi : romans,1970-1979,1978,101,. Elle feuillette avec indifférence un,magazine,,illustré,,sur,la couverture duquel on voit un chanteur de charme
368,illustrer,188,PEREC Georges,La Vie mode d'emploi : romans,1970-1979,1978,116,"fameux , « Sherwood's put you in the mood »",et,,illustrée,,par,des vignettes hexagonales représentant un
369,illustrer,191,PEREC Georges,La Vie mode d'emploi : romans,1970-1979,1978,335,"de cette affiche , Elzbieta Orlowska répond qu'",elle,,illustre,,une,"comptine très populaire en Pologne , où elle sert"
370,illustrer,148,TOURNIER Michel,Le Roi des Aulnes,1970-1979,1970,133,", le géant Porte-Christ , de même qu' elle",était,,illustrée,,par,"la légende d' Albuquerque , de même encore qu'"
371,illustrer,167,TOURNIER Michel,Les Météores,1970-1979,1975,524,du quiétisme de Mme Guyon au XVIIe,siècle,,illustrent,,bien,le mépris où l' Occident tient les valeurs qui
372,illustrer,199,ROY Claude,La Traversée du Pont des Arts,1970-1979,1979,57,"Charles était orphelin . Il y avait , dans les",pages,,illustrées,,de,"son dictionnaire , la reproduction d' un tableau"
373,illustrer,153,MODIANO Patrick,Les Boulevards de ceinture,1970-1979,1972,35,de jeunes personnes très,déshabillées,",",illustrent,,cet,"article . En seconde page , les « échos"
374,illustrer,161,ORMESSON Jean d',Au plaisir de Dieu,1970-1979,1974,276,", ignorés de mon grand-père mais chantés",et,,illustrés,,par,Valery Larbaud : les moyens de communication . Le
375,illustrer,152,SABATIER Robert,Trois sucettes à la menthe,1970-1979,1972,117,apporta une pile d' assiettes à bords,dentelés,",",illustrées,,de,charades . Elle dut les poser sur une desserte car
376,illustrer,182,SIMONIN Albert,Confessions d'un enfant de la Chapelle,1970-1979,1977,100,"; cornets de frites , glaces , places de",ciné,",",illustrés,",",cigarettes,"anglaises . Pour moi , le gros problème"
377,illustrer,170,MODIANO Patrick,Villa Triste,1970-1979,1975,118,rue de notre ville porte son nom . » Une grande,photo,,illustrait,,l',"article . Elle avait été prise au Sainte-Rose ,"
378,illustrer,166,TOURNIER Michel,Les Météores,1970-1979,1975,406,", c' est grâce à des créatures de ce genre .",Méline,,illustrait,,bien,le mélange d' intelligence aiguë mais bornée
379,illustrer,181,MANCHETTE Jean-Patrick,Fatale,1970-1979,1977,22,( Aimée interrompit ici sa lecture . La page,était,,illustrée,,d',une gravure représentant la jetée et le phare que
380,illustrer,195,MODIANO Patrick,Rue des Boutiques Obscures,1970-1979,1978,220,jockey anglais André Wildmer . » Quelques,photos,,illustraient,,l',"article parmi lesquelles une photo de Wildmer ,"
381,illustrer,183,SIMONIN Albert,Confessions d'un enfant de la Chapelle,1970-1979,1977,109,catégoriquement de préciser les lieux où,s',,illustraient,,les,grivetons de qui on lui réclamait des nouvelles
382,illustrer,193,PEREC Georges,La Vie mode d'emploi : romans,1970-1979,1978,657,", La , périodique illustré , 308 . Petit",Larousse,,illustré,",",Le,", dictionnaire , 204 . Petit - Pouce , chat des"
383,illustrer,151,BAZIN Hervé,Cri de la chouette,1970-1979,1972,274,attendrir il faut encore qu' elle glousse . Un aveu,l',,illustrait,:,Faut,"pouvoir ... Je n' aimais pas du tout , au"
384,illustrer,173,CHABROL Jean-Pierre,La Folie des miens,1970-1979,1977,14,"il était zéro , il n' avait rien à décider , lui ,",il,,illustrait,",",c',"est tout . Quoique , fut un temps où même l' art ..."
385,illustrer,172,MANCHETTE Jean-Patrick,Trois hommes à abattre : le petit bleu de la côte ouest,1970-1979,1976,109,". Vieux meubles , lit de fer . Un calendrier des",postes,,illustré,,d',une vue des Champs-Élysées la nuit . Sur une
386,illustrer,233,MERTENS Pierre,Les Éblouissements,1980-1989,1987,353,"les idéaux des Lumières , et l' imposture où",s',,illustrait,,une,époque qui ne voulait rien savoir du caractère
387,illustrer,243,SIMON Claude,L'Acacia,1980-1989,1989,19,", la femme essayait de le faire lire dans un",album,,illustré,,d',"animaux de ferme , puis renonçait , se mettait"
388,illustrer,211,LABRO Philippe,Des bateaux dans la nuit,1980-1989,1982,99,", du conseil financier , du",livre,,illustré,,pour,"enfants , du restaurant diététique , de la"
389,illustrer,218,THÉRAME Victoria,Bastienne,1980-1989,1985,48,"partage entre ses cultures , ses herbiers , ses",livres,,illustrés,,sur,"les peuples primitifs , les flores exotiques et"
390,illustrer,209,BEAUCHEMIN Yves,Le Matou,1980-1989,1981,293,mettre la main sur un livre rarissime : la,biographie,,illustrée,,de,"mon maître spirituel , le grand cuisinier Alexis"
391,illustrer,231,MERTENS Pierre,Les Éblouissements,1980-1989,1987,68,"de fierté , celle d' appartenir à l' espèce qui",s',,illustrait,,par,"cette surenchère de formes , de volumes et de"
392,illustrer,217,BIANCIOTTI Hector,Sans la miséricorde du Christ,1980-1989,1985,319,"soir . Je lui apportais des livres , entre autres l'",un,",",illustré,",",qui,avait trait à l' architecture française du
393,illustrer,227,ORMESSON Jean d',Tous les hommes sont fous,1980-1989,1986,325,"espagnol moyen , déclarait devant un",document,,illustré,,par,une carte qu' il retournait en tous sens : « Un
394,illustrer,228,SOLLERS Philippe,Le Cœur absolu,1980-1989,1987,384,... - Ce n' est pas grave . On pourrait faire un,livre,,illustré,,...,"- Vous pensez ? - Mais oui . Un livre de vous , d'"
395,illustrer,219,MANŒUVRE Philippe,L'Enfant du rock,1980-1989,1985,39,"volumes dont les jaquettes , déjà ,",étaient,,illustrées,,par,"le génial Moebius ... à force de lire de la SF , je"
396,illustrer,222,ORMESSON Jean d',Le Vent du soir,1980-1989,1985,238,. Il n' y a que le nom ... Mais celui des,Romero,",",illustré,,par,"le père bien-aimé et trop tôt disparu , par le"
397,illustrer,207,MORDILLAT Gérard,Vive la Sociale !,1980-1989,1981,91,de copropriété de son immeuble . Le Petit,Larousse,,illustré,,en,commençant par la lettre A. Tous les cent
398,illustrer,220,QUEFFÉLEC Yann,Les Noces barbares,1980-1989,1985,252,était glissé entre verre et,soucoupe,",",illustré,,de,femmes nues . Le patron lui lança un clin d' oeil de
399,illustrer,230,BAYON ,Le Lycéen,1980-1989,1987,129,ses leçons étaient d' ailleurs,pertinemment,,illustrées,,d',"exemples précis : les bottes comme Untel , la"
400,illustrer,240,PENNAC Daniel,La Petite marchande de prose,1980-1989,1989,145,admirables . J' en prévois une nouvelle série,qui,,illustrera,,le,"premier papier vous concernant . Vous verrez , vous"
401,illustrer,215,DORIN Françoise,Les jupes-culottes,1980-1989,1984,394,"des deux protagonistes . La femme , Chantal ,",s',,illustre,,comme,journaliste politique dans un hebdomadaire à
402,illustrer,244,SIMON Claude,L'Acacia,1980-1989,1989,113,entière du cadastre de la commune portait le,nom,,illustré,,à,la tête d' armées de la Révolution puis de l'
403,illustrer,238,MOHRT Michel,Vers l'Ouest,1980-1989,1988,194,"éditions , éditions courantes , éditions de",luxe,,illustrées,",",pages,choisies ... Il comptabilisait les
404,illustrer,239,BECK Béatrix,Stella Corfou,1980-1989,1988,102,"qui , digne , ne semble pas s' en apercevoir . Créent",et,,illustrent,,le,mot cabrioles . Les arbres de l' avenue viennent d'
405,illustrer,223,GARAT Anne-Marie,Voie non classée,1980-1989,1985,170,et que la grand-mère gardait pieusement . Il,était,,illustré,,d',"images désuètes , peut-être de cette époque"
406,illustrer,262,ROLIN Jean,L'Organisation,1990-1999,1996,81,"un flic ne sortira vivant de Paris insurgé ! » ,",et,,illustré,,par,"un dessin représentant un flic étendu ,"
407,illustrer,266,RAMBAUD Patrick,La Bataille,1990-1999,1997,14,"par ce fou furieux d' Augereau , s' était",autrefois,,illustrée,,en,franchissant le pont d' Arcole . C' était Masséna
408,illustrer,253,SOLLERS Philippe,Le Secret,1990-1999,1993,221,", de lire un gros livre plein d' intérêt , très",bien,,illustré,",",intitulé,Folie et surréalisme : il commence par
409,illustrer,248,GARAT Anne-Marie,Chambre noire,1990-1999,1990,120,"transportable , sorte de dictionnaire",médical,,illustré,",",occupe,"l' arrière de son fourgon , il se déploie"
410,illustrer,257,LANZMANN Jacques,La Horde d'or,1990-1999,1994,238,de quels affrontements son passager s' était si,bien,,illustré,.,Et,Gontran d' inverser l' ordre des choses en
411,illustrer,258,CHANDERNAGOR Françoise,L'Enfant des Lumières,1990-1999,1995,44,une famille dont tant d' aïeux s',étaient,,illustrés,.,De,"la naissance d' Alexis , elle avait été"
412,illustrer,250,BAZIN Hervé,L'école des pères,1990-1999,1991,67,"de l' alouette » : la lecture d' un texte ,",joliment,,illustré,",",utilisant,des caractères de taille
413,illustrer,251,CHAMOISEAU Patrick,Texaco,1990-1999,1992,32,- Cirique avait déclaré un jour qu' au vu du,Larousse,,illustré,",",nous,étions — en français — une communauté .
414,illustrer,247,GARAT Anne-Marie,Chambre noire,1990-1999,1990,119,"sortes de dé pliants explicatifs , des",panneaux,,illustrés,,à,"usage local , pour l' affichage et la distribution ."
415,illustrer,270,JONQUET Thierry,Moloch,1990-1999,1998,318,"promis , il y fit l' acquisition d' une",biographie,,illustrée,,de,"Munch , parue aux éditions Flammarion , et due à un"
416,illustrer,256,LANZMANN Jacques,La Horde d'or,1990-1999,1994,179,"et l' Afghanistan . Plus tard , Tengri s'",était,,illustré,,en,"permettant à Batu , petit-fils de Gengis , de"
417,illustrer,263,SCHREIBER Boris,Un silence d'environ une demi-heure,1990-1999,1996,39,. Ne s' agissait -il pas du Petit,Larousse,,illustré,?,Laquelle,de nos expressions serait choisie pour l'
418,illustrer,267,ECHENOZ Jean,Un an,1990-1999,1997,13,elles pour étudier les locations . Chaque,annonce,,illustrée,,d',"une photo proposait un décor de téléfilm , un"
419,illustrer,269,DESPLECHIN Marie,Sans moi,1990-1999,1998,222,", un album qui avait appartenu à mon grand-père",et,,illustrait,,les,saisons . Je remis la main sur une enveloppe pleine
420,illustrer,254,ORSENNA Erik,Grand amour,1990-1999,1993,31,"est entré sans lever la tête , plongé dans un",livre,,illustré,,sur,"la vie des fourmis , Frédérique a suivi ,"
421,illustrer,265,IZZO Jean-Claude,Chourmo,1990-1999,1996,272,"- Ouais , évidemment . - Ton Narni , il s' est",surtout,,illustré,,pendant,des années comme patron du racket sur toute
422,illustrer,268,DORIN Françoise,Les Vendanges tardives,1990-1999,1997,126,", non ! Deux bons gros chaussons . Ils enchâssent",et,,illustrent,,le,nom de la maison : « les Charentaises » . Re-stop
423,illustrer,249,MONFERRAND Hélène de,Journal de Suzanne,1990-1999,1991,27,"avec méfiance ce journal trop coloré ,",trop,,illustré,",",où,les petites filles portaient des robes trop
424,illustrer,252,GERMAIN Sylvie,La Pleurante des rues de Prague,1990-1999,1992,116,"de toute gloire , celle qu' on n' écrit pas , qu' on",n',,illustre,,ni,ne chante ni ne dore à l' or étincelant des mythes et
425,illustrer,260,ROLIN Jean,L'Organisation,1990-1999,1996,24,"la charge de nous exhorter ce jour -là , s'",était,,illustré,,en,concluant son petit discours par une citation
