"1","COLETTE ","Claudine à l'école","1900","146",", et enfouit prudemment dans sa poche un Gil Blas","illustré","qu' elle abritait entre deux feuilles de son histoire"
"2","MIRBEAU Octave","Le Journal d'une femme de chambre","1900","116","collection d' humanité loufoque et déréglée qui","illustrait","cette maison bien moderne ... une nuit , j' étais de"
"3","MIRBEAU Octave","Le Journal d'une femme de chambre","1900","200","d' exemples démonstratifs et péremptoires ,","illustré","de noms connus ... - la nuance ... disait le vicomte"
"4","PHILIPPE Charles-Louis","Le Père Perdrix","1902","261","l' escalier , qui réveillaient les murs et","illustraient","chacun de ses pas d' un bruit guerrier comme si sa vie"
"5","JARRY Alfred","Le Surmâle","1902","52","les dates et sa barbe blanche . Il s' était","illustré","par ses découvertes toxicologiques , et avait été"
"6","ADAM Paul","L'Enfant d'Austerlitz","1902","420","à mi-hauteur , les murs étaient , au-dessus ,","illustrés","par les tableaux d' un chemin de la croix . Enfin l'"
"7","HUYSMANS Joris-Karl","L'Oblat, 2","1903","99","encore un volume de ce religieux nommé Durand qui","illustrait","si magnifiquement les livres liturgiques de l'"
"8","HUYSMANS Joris-Karl","L'Oblat, 2","1903","104","que les bénédictines de Maredret , en Belgique , ont","illustré","un superbe manuscrit de la règle de saint Benoît"
"9","FRAPIÉ Léon","La Maternelle","1904","130","chipée aux grands . Je sais que Mademoiselle","illustrera","son récit de dessins au tableau noir , merveilleux"
"10","THARAUD Jérôme","Dingley, l'illustre écrivain","1906","138","l' égypte , tous les endroits de la terre qu' il avait","illustrés","par un livre . Rien ne vaut pour clouer la mémoire d' un"
"11","ROLLAND Romain","Jean-Christophe : La Révolte","1907","473","de modes , ou devant les magasins de cartes postales","illustrées",", où l'on voyait pêle-mêle des scènes"
"12","LEROUX Gaston","Le Mystère de la chambre jaune","1907","59","énoncées , étiquetées , annotées ,","illustrées","de photographies et de dessins . Tout cela était"
"13","MILLE Pierre","Barnavaux et quelques femmes","1908","3","ces parois de bambou couvertes de vieilles affiches","illustrées","qui rappelaient ironiquement Paris . L' obscurité"
"14","HAMP Pierre","Marée fraîche ; Vin de champagne","1909","29","blanches et des cheminées à fumées noires ,","illustrait","l' espace de dessins imprévus . L' horizon ouvert par"
"15","HAMP Pierre","Marée fraîche ; Vin de champagne","1909","71","qui dînait seul , y répliqua par un discours animé ,","illustré","d' une pantomime de gestes culinaires . Il paraissait"
"16","HAMP Pierre","Marée fraîche ; Vin de champagne","1909","119","tenait sous ses coudes les gravures du supplément","illustré","du petit journal . Posier les regardait par-dessus"
"17","MILOSZ Oscar","L'Amoureuse initiation","1910","175","; des foetus polycéphales , marinés et livides ,","illustraient","parfois de leurs puérils ébats ces fougueuses et"
"18","ROUSSEL Raymond","Impressions d'Afrique","1910","287","les moustiques . Mais , pour l' auteur du billet","illustré","adressé à Djizmé , la simple captivité exempte de"
"19","ROLLAND Romain","Jean-Christophe : Le Buisson ardent","1911","1269",": magistrats et fonctionnaires , qui s' étaient","illustrés","en boudant le pouvoir ou en se faisant révoquer ; gros"
"20","ROLLAND Romain","Jean-Christophe : Le Buisson ardent","1911","1305","; et ils regardaient ensemble les cartes postales","illustrées",". C' étaient d' heureux moments ; ils oubliaient"
"21","LARBAUD Valery","A.O. Barnabooth, ses oeuvres complètes : le Pauvre chemisier ; Poésies ; Journal intime","1913","157",", il s' est manqué . Du reste , voici quelques journaux","illustrés","qui vous montreront ... "" et il tire de sa petite boîte"
"22","BARRÈS Maurice","La Colline inspirée","1913","127","une loque humaine , une épave dont le seul aspect","illustrait","d' une manière probante les confidences du chanoine"
"23","ROUSSEL Raymond","Locus Solus","1914","19","rendit au Morne - Vert , montagne enchantée qu' avait","illustrée","autrefois un studieux voyage de Jouël . Vers la fin de"
"24","ROUSSEL Raymond","Locus Solus","1914","261","lui remit plusieurs traités d' entomologie bien","illustrés",", qu' elle put feuilleter à loisir . Après diverses"
"25","CARCO Francis","Jésus-la-Caille","1914","15","costauds reconnus par tous . Son adresse au couteau l'","illustra",". Il devint un grand et solide maquereau . Sa gloire"
"26","BARBUSSE Henri","Le Feu","1916","23","; son frère Joseph vendait des journaux et des romans","illustrés","dans une gare du réseau de l' état , tandis que , loin"
"27","PROUST Marcel","À la recherche du temps perdu. 4. À l'ombre des jeunes filles en fleurs","1918","455","est d' un même temps se ressemble ; les artistes qui","illustrent","les poèmes d' une époque sont les mêmes que font"
"28","PROUST Marcel","À la recherche du temps perdu. 5. À l'ombre des jeunes filles en fleurs","1918","576","villes ) : les éditions d' histoire de la peinture","illustrées",", les concerts symphoniques et les études sur les """
"29","PROUST Marcel","À la recherche du temps perdu. 6. À l'ombre des jeunes filles en fleurs","1918","838","exemple , telle de ces photographies "" magnifiques ""","illustrera","une loi de la perspective , nous montrera telle"
"30","FRANCE Anatole","Le Petit Pierre","1918","51","et d' incrédulité les affirmations toujours","illustrées","d' exemples que lui faisait cet éloquent épicier ."
"31","FRANCE Anatole","Le Petit Pierre","1918","158","autrefois papegai ou papegaut . Ce que mon parrain","illustra","par cet exemple : - gai comme un papegai , dit Rabelais ."
"32","PROUST Marcel","À la recherche du temps perdu. 8. Du côté de Guermantes 1","1920","99","suivi dans sa lettre , mais naïvement","illustré","par des détails réels empruntés à la vie locale ,"
"33","PROUST Marcel","À la recherche du temps perdu. 8. Du côté de Guermantes 1","1920","168","nous avions l' air de nous trouver dans un "" foyer "" qu'","illustraient","des portraits anciens de la troupe , tant les"
"34","MARTIN DU GARD Roger","Les Thibault : Le Pénitencier","1922","769","; elle lui apportait un album plein de cartes","illustrées",", d' autographes , de fleurs séchées : sa vie de"
"35","GIRAUDOUX Jean","Siegfried et le Limousin","1922","179","international des gens heureux avec son supplément","illustré","des bêtes et des plantes heureuses , et ses"
"36","GIRAUDOUX Jean","Siegfried et le Limousin","1922","286","sentions que sa mémoire de sculpteur complétait ou","illustrait","l' autre . C' étaient des mains qui avaient beaucoup"
"37","PROUST Marcel","À la recherche du temps perdu. 11. Sodome et Gomorrhe","1922","776","de l' hôtel . Il faut qu' elles ne soient pas bien ""","illustrées",""" pour causer ainsi . à moins qu' on ne les ait"
"38","PROUST Marcel","À la recherche du temps perdu. 11. Sodome et Gomorrhe","1922","776","aisément que pureté était dit pour "" puberté "" . ""","illustrées",""" m' embarrassa davantage . Peut-être était -il"
"39","PROUST Marcel","À la recherche du temps perdu. 14. La Prisonnière","1922","16","Paris . Car , selon le code de Françoise tel qu' il est","illustré","dans les bas-reliefs de Saint-André-des-Champs ,"
"40","PROUST Marcel","À la recherche du temps perdu. 19. Le Temps retrouvé","1922","718","écouter , que le journal cité avait si péniblement","illustrée","pour moi , n' était pourtant pas totale . Il y avait en"
"41","PROUST Marcel","À la recherche du temps perdu. 20. Le Temps retrouvé","1922","873","à Combray , ou la plage de Balbec , comme j' aurais","illustré","le jour qu' il faisait en feuilletant un cahier d'"
"42","COLETTE ","La Maison de Claudine","1922","43","histoire de jeune fille enlevée , séquestrée ,","illustrait","la première page des journaux . Un chemineau ,"
"43","DEKOBRA Maurice","La Madone des sleepings","1925","10","de feu monsieur Jean Lorrain , mais je n' ai point","illustré","mes lectures de démonstrations concomitantes , ni"
"44","GIRAUDOUX Jean","Bella","1926","224","pendant l' arrêt de son pouls . Un dieu inconnu","illustrait","la vie de Fontranges . Au retour , Gilbert sentit le"
"45","ARAGON Louis","Le Paysan de Paris","1926","769","Bleu , le Chaperon Rouge et le Loup , c' est toi qui","illustres","alors Jules Verne et qui transportes par-delà les"
"46","GENEVOIX Maurice","La Boîte à pêche","1926","54","surtout il prêchait d' exemple . Chaque parole s'","illustrait","d' un geste . Il continuait : - Je prends mon poisson"
"47","BERNANOS Georges","Sous le soleil de Satan","1926","68",", les oubliettes - et encore l' histoire de France","illustrée",", Louis XI en bonnet pointu ( derrière , un pendu se"
"48","CREVEL René","Babylone","1927","76","dans ses livres d' histoire et le Petit Larousse","illustré","des documents , images , descriptions qui lui"
"49","DUHAMEL Georges","Le Journal de Salavin","1927","126","médecins qui nous renverront notre carte postale","illustrée","devront recevoir ... combien disions -nous ? - nous"
"50","SOUPAULT Philippe","Le Nègre","1927","30","qu' une lamproie et sur cette noble terre qu'","illustrent","les éclats de rire et le sang du boeuf . Je le regarde"
"51","BRETON André","Nadja","1928","142","ou moins contre mon entreprise , de sorte que la partie","illustrée","de Nadja fût , à mon gré , insuffisante : Becque"
"52","COCTEAU Jean","Les Enfants terribles","1929","87","la strophe superbe , ne se rendant pas compte qu' elle","illustrait","la chambre et la beauté d' Elisabeth . Elisabeth"
"53","COCTEAU Jean","Les Enfants terribles","1929","169","révolte bourgeoise d' Agathe ravissait Elisabeth ,","illustrait","l' attitude qu' elle prêtait au jeune ménage ,"
"54","COLETTE ","Sido","1929","69",", à sa dernière enfant ... j' aurais volontiers","illustré","ces pages d' un portrait photographique . Mais il m'"
"55","COHEN Albert","Solal","1930","194",", son mariage , son écurie de courses et les revues","illustrées","feraient le reste . Solal , lui , n' avait que Solal . Il"
"56","CÉLINE Louis-Ferdinand","Voyage au bout de la nuit","1932","66","des dates des principales hécatombes dont elle fut","illustrée","... C' est tout ce que les hommes ont réussi jusqu' ici"
"57","CÉLINE Louis-Ferdinand","Voyage au bout de la nuit","1932","99","occasion et le même jour aux envoyés d' un grand « ","Illustré","national  » qui nous photographia tous ensemble sur"
"58","CÉLINE Louis-Ferdinand","Voyage au bout de la nuit","1932","100","s' offrir au plus héroïque d' entre nous . Le poète","illustrait","pieusement à ce moment -là un fantastique trait de"
"59","ROMAINS Jules","Les Hommes de bonne volonté : t. 1 : Le 6 octobre","1932","283","des oeuvres complètes . Les éditions populaires","illustrées",". Les poètes . Les romanciers . Les penseurs . - ça ,"
"60","MAURIAC François","Le Nœud de vipères","1932","277","ils s' y enfonçaient pour feuilleter le monde","illustré","de 1870 . L' étoffe demeurait noire aux mêmes places"
"61","CREVEL René","Les Pieds dans le plat","1933","257","mes études secondaires , étaient abondamment","illustrés",". à chaque grand homme se trouvait offerte la"
"62","MALÈGUE Joseph","Augustin ou le Maître est là : t. 1","1933","69",", des lectures de rencontre , l' étalage des journaux","illustrés","à la modern' library , - filles saumon clair et"
"63","TZARA Tristan","Faites vos jeux","1934","263","met en désordre les vieilles cartes postales","illustrées",", déchire son deuil sur le basalte sonore . Je n' ai"
"64","CHEVALLIER Gabriel","Clochemerle","1934","226","tenu à jour sans défaillance depuis l' an 960 et","illustré","en plusieurs endroits par des bâtards , nés d' une"
"65","GUILLOUX Louis","Le Sang noir","1935","21","Fallières , que Maïa avait extrait du Petit Journal","illustré",", c' était un agrandissement que Cripure avait fait"
"66","VAN DER MEERSCH Maxence","Invasion 14","1935","64","en un journal abondant , épais , copieusement","illustré",", rehaussé d' annonces et de photos suggestives ,"
"67","JOUVE Pierre-Jean","La Scène capitale","1935","62","était mort , et qu' un fils , un véritable fils","illustrerait","sa vieillesse ... l' enterrement était fini . En"
"68","CÉLINE Louis-Ferdinand","Mort à crédit","1936","565","marchande sur sa chaufferette Les Belles Aventures","illustrées",". Elle me les cachait même dans son froc , sous ses"
"69","CÉLINE Louis-Ferdinand","Mort à crédit","1936","645","s' apportait exprès là-haut Les Belles Aventures","illustrées",". Il les lisait pour lui tout seul . Il les étalait sur"
"70","PERRET Jacques","Roucou","1936","34","en main , il esquissa un geste vague que la fumée","illustra","quelques instants : il y avait là en puissance , dans"
"71","PERRET Jacques","Roucou","1936","53","! Le pouce renversé au-dessus de la bouche ouverte","illustra","l' étymologie du nom . Bret , qui avait eu un Saramaca du"
"72","MARTIN DU GARD Roger","Les Thibault : L'Été 1914","1936","258","viennoise . Enfin , parmi des brochures allemandes ,","illustrées","de gravures licencieuses , Mme De Fontanin avait eu"
"73","ARAGON Louis","Les Beaux quartiers","1936","10","différents , et que ça a pris plus d' un an à la mode","illustrée","de reproduire , même qu' un numéro de juin s' étant"
"74","ARAGON Louis","Les Beaux quartiers","1936","68",", lui prêta le jardin de Bérénice dans l' édition","illustrée","à 1 fr. 50 , et la mystique d' Armand devint follement"
"75","ARAGON Louis","Les Beaux quartiers","1936","294","mais dont il avait lu la tétralogie dans l' édition","illustrée","d' Hachette . Puis il y avait le fils Cotin , de"
"76","ARAGON Louis","Les Beaux quartiers","1936","465",", si l'on en croit les pages roses du petit Larousse","illustré",". Jeanne avait pleuré . On voyait que Jeanne avait"
"77","YOURCENAR Marguerite","Les Vagues [trad.]","1937","228","du rêve . "" J' ai envoyé au directeur du journal","illustré","la solution du problème de samedi , se dit le petit"
"78","DUHAMEL Georges","Chronique des Pasquier. 7. Cécile parmi nous","1938","49","exagéré de dire pathétique . Connaissez -vous l'","illustre","Monsieur Noël Chérouvier . Il n' y a pas à dire , c' est"
"79","SARTRE Jean-Paul","La Nausée","1938","63","ou un traité de la voilure , une grande histoire","illustrée","de Bouville et des éditions de luxe élégamment"
"80","DUHAMEL Georges","Chronique des Pasquier. 8. Le Combat contre les ombres","1939","16","ne parlait guère mais que toutes ses actions","illustraient",", concernait ce qu' en termes enveloppés de"
"81","MONTHERLANT Henry de","Les Lépreuses","1939","1440",", la relégation . Aussi - à cause d' un livre","illustré","de son enfance , - les monstrueuses inventions de l'"
"82","ROMAINS Jules","Les Hommes de bonne volonté : t. 18 : La Douceur de la vie","1939","41","de Paris , de la veille , et même une carte postale","illustrée",", représentant la cathédrale , que j' enverrai à"
"83","ROMAINS Jules","Les Hommes de bonne volonté : t. 18 : La Douceur de la vie","1939","42","attirantes . J' ai pris celle de droite , qu'","illustrent","deux épiceries exubérantes , l' une en face de l'"
"84","NÉMIROVSKY Irène","Suite française","1942","238","» D' autres , par des caricatures ou des graphiques ,","illustraient","la domination anglaise dans le monde et la tyrannie"
"85","SAINT-EXUPÉRY Antoine de","Pilote de guerre","1942","333","depuis quinze jours sont déjà morts . Ces morts n'","illustrent","peut-être pas une résistance extraordinaire . Je"
"86","GUILLOUX Louis","Le Pain des rêves","1942","354","et Filochard - , de petits livrets non moins vivement","illustrés",": Nick Carter , Buffalo - Bill , les Aventures d' un"
"87","GUILLOUX Louis","Le Pain des rêves","1942","371","- attendre ... Quels yeux morts ... Une touffe de poil","illustrait","sa longue joue blanche . - Eh ? ça va bieng ? me dit -il ,"
"88","GUILLOUX Louis","Le Pain des rêves","1942","476","souveraine , par tant de flamboyants exemples dont tu","illustrais","tes jours et les nôtres - mais quelle preuve plus"
"89","SAINT-EXUPÉRY Antoine de","Citadelle","1944","948","de mal en toi . Mais ici tu protestes . Tu as faussement","illustré","ton mal , mais tu ne saurais le mettre en doute . C' est"
"90","TRIOLET Elsa","Le Premier accroc coûte deux cents francs","1945","59","préau d' école pendant la classe . Une vespasienne","illustrée","de réclames en occupait le milieu , telle une"
"91","VAILLAND Roger","Drôle de jeu","1945","97","penser , dit Marat , à une image d' un grand livre","illustré","sur Bonaparte que j' ai eu comme prix d' excellence ("
"92","CENDRARS Blaise","L'Homme foudroyé","1945","399","à gauche , et , à droite , que des ouvrages érotiques","illustrés","... Roulure ! ... Je renâclais comme une bête en"
"93","CENDRARS Blaise","L'Homme foudroyé","1945","455","régulièrement . Je lui envoie des cartes postales","illustrées",", les photos des saints de nos cathédrales et tout ce"
"94","CENDRARS Blaise","L'Homme foudroyé","1945","482","des romans , des vrais romans . C' est ainsi que j' ai","illustré","Mr. Pickwick de Dickens et , après mon deuxième"
"95","DURAS Marguerite","Les Impudents","1946","121","que son frère aîné . Ce détail insignifiant","illustrait","remarquablement un des traits du caractère Grant :"
"96","CAMUS Albert","La Peste","1947","1379",", les pages de Tarrou se terminent sur un récit qui","illustre","cette conscience singulière qui venait en même"
"97","FALLET René","Banlieue Sud-Est","1947","235","banque , sur toute la longueur de l' Histoire de France","illustrée","par Paulin et Dessertenne , revue et corrigée par"
"98","GENET Jean","Miracle de la rose","1947","38",", qui en escaladait les rochers dans les pages","illustrées","de mon enfance . Les transports furent finis . Les"
"99","GENET Jean","Miracle de la rose","1947","304","que l' affiche du métro conseille . Cette affiche est","illustrée","d' un dessin curieux : un jeune homme chevauchant le"
"100","GENET Jean","Notre-Dame-des-fleurs","1948","10","et de cour , j' ai cueilli çà et là , sur la couverture","illustrée","de quelques romans d' aventures , un jeune métis"
"101","GENET Jean","Notre-Dame-des-fleurs","1948","46","les intérieurs dorés , à travers la guipure","illustrée","de motifs travaillés : fleurs , feuilles d' acanthe ,"
"102","GENET Jean","Notre-Dame-des-fleurs","1948","49","douceurs . De vieux journaux de mode traînaient là ,","illustrés","de gravures où les femmes de 1910 avaient toujours un"
"103","GENET Jean","Notre-Dame-des-fleurs","1948","141",". Enfin , les figures héraldiques , proprement , l'","illustraient",". On dit que la pose accroupie du Moïse de"
"104","GENET Jean","Notre-Dame-des-fleurs","1948","216","les femmes du village galiléen . La beauté de Marie","illustrait","le bourg . être la mère humaine d' une divinité est"
"105","GENET Jean","Notre-Dame-des-fleurs","1948","219","Le Bêcheur .   » Dans cette séance solennelle , il","illustrait","fort justement une pancarte clouée à une porte"
"106","QUENEAU Raymond","Saint Glinglin, précédé de Gueule de Pierre et de Les Temps Mêlés","1948","64","sacrifiant une collection d' assiettes à dessert","illustrées","de rébus . Mais on avait déjà vu ça l' année"
"107","BERNANOS Georges","Un mauvais rêve","1948","924",", prenant naïvement l' attitude connue du public ,","illustrée","par tant de photographies . - après tout , je m' en"
"108","BAZIN Hervé","La Tête contre les murs","1949","96","très peu . Quant aux histoires de fous , elles","illustrent","précisément la façon dont les hommes écrivent l'"
"109","BAZIN Hervé","La Tête contre les murs","1949","146","n' y a pas assez de patères . La moitié des torses sont","illustrés",": généralement avec un goût déplorable . Un"
"110","BAZIN Hervé","La Tête contre les murs","1949","345","dit à ce sujet : nous n' y reviendrons pas . Mais rien n'","illustre","mieux la manière dont le répressif se confond avec le"
"111","COLETTE ","La vagabonde","1949","153","bureau genre anglais que j' ai déjà vu tant de fois ,","illustré","de photographies étrangères : dames en buste ,"
"112","MALET Léo","Le Soleil n'est pas pour nous","1949","119","tombé sur cet article concernant le mildiou , qu'","illustrait","une jolie feuille de vigne , une feuille de vigne"
"113","MALET Léo","Le Soleil n'est pas pour nous","1949","139","ajusté , reposait sur un vieux Petit Journal","illustré",". Une affiche , placardée à la tête du lit , conviait"
"114","ZOBEL Joseph","La Rue Cases-Nègres","1950","226","est basse . Alors tu enverras une belle carte postale","illustrée","à m' man Tine . Je n' en eus point de chagrin , car ma"
"115","GENEVOIX Maurice","Ceux de 14","1950","378",", une image coloriée , première page d' un journal","illustré","daté de 98 , représente un dompteur dévoré par ses"
"116","NIMIER Roger","Le Hussard bleu","1950","192","tout d' un coup transporté dans un grand Jules Verne","illustré",", ses traits un peu affadis par un dessinateur de 1890 ,"
"117","FALLET René","Le Triporteur","1951","28","qui n' aimait pas les pauvres et s' était","illustré","à Verdun . Où il avait pris , dans les années vingt ,"
"118","VIALATTE Alexandre","Les Fruits du Congo","1951","164",", la flamme baissée , coiffée d' un abat-jour","illustré","de scènes . humoristiques qui retraçaient la vie du"
"119","BAZIN Hervé","Le Bureau des mariages","1951","51","Julie ou à Marguerite des propositions précises ,","illustrées","par de solides esquisses anatomiques . Une"
"120","GIBEAU Yves","Allons z'enfants","1952","160","s' agissait -il d' un roman d' aventures superbement","illustré","... Du Vicomte de Bragelonne ? Du Dernier des Mohicans"
"121","ROBBE-GRILLET Alain","Les Gommes","1952","236","avec son coupe-papier . C' est une carte postale","illustrée",", qui représente une petite maison de faux style"
"122","MERLE Robert","La Mort est mon Métier","1952","175","des camarades et des chefs des Corps francs s'","illustraient","dans la résistance , notamment le Lieutenant Leo"
"123","VIAN Boris","L'Arrache-cœur","1953","192","? Il faudrait un gros livre , sur papier couché","illustré","d' eaux-fortes en couleurs , dues au burin fertile de"
"124","SIMONIN Albert","Touchez pas au grisbi","1953","47","pouvait rivaliser ; mais c' était quand même moins","illustré",". Sur les photos de Frédo , les bourres avaient dû en"
"125","DUVIGNAUD Jean","L'Or de La République","1957","16",", dit Rufus , que cette troupe et son recrutement","illustrent","la décadence de notre vieux monde . Je ne dis pas qu' un"
"126","BUTOR Michel","La Modification","1957","222","murs de chaque côté de la fenêtre comme celles qui","illustrent","ce compartiment , cette chambre provisoire et"
"127","SIMON Claude","L'Herbe","1958","159",", comme dans ces tableaux reproduits dans les pages","illustrées","du Petit Larousse représentant un de ces épisodes"
"128","GIONO Jean","Hortense","1958","825","un dragon pour la première page du Petit Journal","illustré",". Les deux hommes firent une longue promenade au bord"
"129","GIONO Jean","Hortense","1958","852"," » concernant ces projets ; elle était","illustrée","de schémas et de croquis . Il délimita , sur le"
"130","SIMONIN Albert","Du mouron pour les petits oiseaux","1960","273",", ça t' aurait semblé pas croyable ! Inutile qu' il","illustre","plus clairement sa gamberge le lardu , Armand entrave ."
"131","SOLLERS Philippe","Le parc","1961","107",". C' était un livre jaune à couverture cartonnée ,","illustré","de dessins très simples ; éléments familiers et"
"132","MAC ORLAN Pierre","Sous la lumière froide","1961","59","on travaille sur du papier blanc . J' avais déjà","illustré","sans fantaisie quelques ouvrages populaires , quand"
"133","CLAVEL Bernard","La Maison des autres","1962","311","pour le montrer aux autres , il ajouta : - Et c' est","illustré",". Vous pouvez voir . Toujours la même greluche !"
"134","CABANIS José","Les Jeux de la nuit","1964","13","lui parlais de ce voyage aux pyrénées , qu' il avait","illustré",", où il y a des ravins , des grottes , des ruines , des"
"135","PEREC Georges","Les Choses","1965","15","de maillechort et de carton bouilli , naïvement","illustrée",", faussement ancienne . Derrière le bureau , à demi"
"136","DUCHARME Réjean","L'avalée des avalés","1966","333","l' habit d' un soldat qui meurt à ses pieds , se bat et s'","illustre",". Il est de nouveau arrêté . Il refuse de dire qui il est"
"137","SABATIER Robert","Le Chinois d'Afrique","1966","315","recollée avec du papier kraft gommé . L' insanité","illustrée","d' un phallus . L' amoncellement des draps sales . L'"
"138","MONESI Irène","Nature morte devant la fenêtre","1966","117","comme un signe infamant , un mot de Saint-Just qui","illustrait","son isolement : "" Un peuple qui n' est pas heureux n' a"
"139","GIONO Jean","Le Déserteur","1966","195","de Paris , journal de littérature amusante ,","illustré","de très belles gravures  » , publie , dans son"
"140","LE CLÉZIO Jean-Marie Gustave","Le Déluge","1966","158","de la femme rousse . En chemin , il acheta un journal","illustré","pour le petit garçon . Il arriva à temps pour le"
"141","GIRAUD Robert","La Coupure","1966","160",", un article de cette importance , en première page et","illustré","par un dessin , mon Dieu , ça va chercher dans les"
"142","DUTOURD Jean","Pluche ou l'amour de l'art","1967","32","ennui ou du souci , je l' ai payé au poids de l' or . Rien n'","illustre","mieux mon propos que les soirées dans les boîtes de"
"143","BAZIN Hervé","Le Matrimoine","1967","14",". Quelques CC ( nous ne faisions pas de miracles )","illustrent","ailleurs les corps à corps . Quant à la note , elle"
"144","BAZIN Hervé","Le Matrimoine","1967","169",", de polos , de slips nains , de bavettes en éponge","illustrées","de fables , de mi-bas , de socquettes , de mulettes , de"
"145","GROULT Benoîte","Il était deux fois","1968","148","tard en feuilletant avec elle des revues médicales","illustrées","d' admirables maladies en couleurs qui la"
"146","PEREC Georges","La Disparition","1969","85",", 8 Où l'on dira trois mots d' un tumulus où Trajan s'","illustra",", JOURNAL D' ANTON VOYL Un lundi . 8 Où l'on dira trois"
"147","PEREC Georges","La Disparition","1969","85",". 8 Où l'on dira trois mots d' un tumulus où Trajan s'","illustra","JOURNAL D' ANTON VOYL Un lundi . Oui , il y a aussi Ismaïl"
"148","TOURNIER Michel","Le Roi des Aulnes","1970","133",", le géant Porte-Christ , de même qu' elle était","illustrée","par la légende d' Albuquerque , de même encore qu'"
"149","TOURNIER Michel","Le Roi des Aulnes","1970","139","près de moi après une chute de vingt siècles . Rien n'","illustre","mieux que cette statue la fonction essentielle de l'"
"150","TOURNIER Michel","Le Roi des Aulnes","1970","269","- chantèrent bientôt en lui un refrain qu'","illustraient","les enseignes de leurs auberges , floraison"
"151","BAZIN Hervé","Cri de la chouette","1972","274","attendrir il faut encore qu' elle glousse . Un aveu l'","illustrait",": Faut pouvoir ... Je n' aimais pas du tout , au"
"152","SABATIER Robert","Trois sucettes à la menthe","1972","117","apporta une pile d' assiettes à bords dentelés ,","illustrées","de charades . Elle dut les poser sur une desserte car"
"153","MODIANO Patrick","Les Boulevards de ceinture","1972","35","de jeunes personnes très déshabillées ,","illustrent","cet article . En seconde page , les «  échos"
"154","JOFFO Joseph","Un sac de billes","1973","81","le comte de V. dont l' un des ancêtres , dit -on , s'","illustra","à Marignan ( 1515 ) et dont , aux dernières nouvelles ,"
"155","JOFFO Joseph","Un sac de billes","1973","234","avait désigné la vitrine où trônait un livre","illustré","de photos couleur à la gloire du maréchal . - Combien"
"156","MANCHETTE Jean-Patrick","Morgue pleine","1973","246","... L' article se continue longtemps encore . Il est","illustré","de six photos , dont deux représentant Griselda"
"157","SABATIER Robert","Les Noisettes sauvages","1974","124",". Il ne reçut pas de réponse . Une carte postale","illustrée","d' un château en ruine vint de Montrichard , avec un"
"158","ORMESSON Jean d'","Au plaisir de Dieu","1974","26","adorable , à tant d' époques si éloignées . Nous","illustrions",", à notre façon , le triomphe de la race sur la"
"159","ORMESSON Jean d'","Au plaisir de Dieu","1974","163",", nous descendions jusqu' aux rares romantiques ,","illustrés","par Gustave Doré , que je ne sais quelle aberration"
"160","ORMESSON Jean d'","Au plaisir de Dieu","1974","269","Keynes , du moins les rudiments de la science qu' ils","illustraient",". Il en avait tiré des connaissances vacillantes ,"
"161","ORMESSON Jean d'","Au plaisir de Dieu","1974","276",", ignorés de mon grand-père mais chantés et","illustrés","par Valery Larbaud : les moyens de communication . Le"
"162","ORMESSON Jean d'","Au plaisir de Dieu","1974","325","et soeur de fascistes , qui portait un nom de chouans ,","illustré","par le sabre et le goupillon . Je lui disais que la"
"163","TOURNIER Michel","Les Météores","1975","26",": vieillir . Ses relations avec Florence","illustraient","fidèlement ce déclin . Il l' avait vue pour la"
"164","TOURNIER Michel","Les Météores","1975","164","existé . Que Jean-Paul fût un monstre , c' est ce qu'","illustrait","secondairement ce que par-devers nous nous"
"165","TOURNIER Michel","Les Météores","1975","328","Paris , pompe aspirante et refoulante . Rien n'","illustre","mieux cette étrange fonction de la capitale que la"
"166","TOURNIER Michel","Les Météores","1975","406",", c' est grâce à des créatures de ce genre . Méline","illustrait","bien le mélange d' intelligence aiguë mais bornée"
"167","TOURNIER Michel","Les Météores","1975","524","du quiétisme de Mme Guyon au XVIIe siècle","illustrent","bien le mépris où l' Occident tient les valeurs qui"
"168","TOURNIER Michel","Les Météores","1975","607","? Ou bien ces cavernes incandescentes","illustraient","-elles trop éloquemment la double brûlure de mes"
"169","DELAY Florence","Le Aïe Aïe de la corne de brume","1975","89","Raphaël , parce qu' avec lui il faut toujours qu' on","illustre","ce qu' on est , d' où on vient , enfin tu vois , dit -il à"
"170","MODIANO Patrick","Villa Triste","1975","118","rue de notre ville porte son nom .   » Une grande photo","illustrait","l' article . Elle avait été prise au Sainte-Rose ,"
"171","CARDINAL Marie","Les mots pour le dire","1975","179",", pour que je regarde les images , L' Enfer de Dante ,","illustré","par Gustave Doré , qu' elle avait fait relier avec de"
"172","MANCHETTE Jean-Patrick","Trois hommes à abattre : le petit bleu de la côte ouest","1976","109",". Vieux meubles , lit de fer . Un calendrier des postes","illustré","d' une vue des Champs-Élysées la nuit . Sur une"
"173","CHABROL Jean-Pierre","La Folie des miens","1977","14","il était zéro , il n' avait rien à décider , lui , il","illustrait",", c' est tout . Quoique , fut un temps où même l' art ..."
"174","CHABROL Jean-Pierre","La Folie des miens","1977","223","et de frôlis - frôlas le samovar de cuivre rouge","illustré","de scènes épiques - dinanderie berbéro - bougnate"
"175","CHABROL Jean-Pierre","La Folie des miens","1977","257",". Logiquement , l' article devrait être","illustré","d' un portrait de Popov . Le maquillage d' un clown , c'"
"176","CHABROL Jean-Pierre","La Folie des miens","1977","257","une partie déjà de son génie . La photo , la seule , qui","illustre","l' article n' est pas celle -là , elle représente , je"
"177","CHABROL Jean-Pierre","La Folie des miens","1977","264","naturel . Actuellement , tu verras des militants qui","illustrent","un appel local de la C.F.D.T. , dans un bled perdu , ils"
"178","CHABROL Jean-Pierre","La Folie des miens","1977","306",", on appliquait ... - On mettait en oeuvre , on","illustrait",". à Nice au petit jour , L' Huma qui venait de paraître"
"179","DOUBROVSKY Serge","Fils","1977","52","ouatés aux plis des rideaux lourds . Sur la table ,","illustrés","luisants . Comme les Adam , chez nous , à l' entrée . Je"
"180","MANCHETTE Jean-Patrick","Fatale","1977","22","la cité s' établira pour de bon . Des Blévillois s'","illustrent","alors contre les Anglais , puis les Portugais , et"
"181","MANCHETTE Jean-Patrick","Fatale","1977","22","( Aimée interrompit ici sa lecture . La page était","illustrée","d' une gravure représentant la jetée et le phare que"
"182","SIMONIN Albert","Confessions d'un enfant de la Chapelle","1977","100","; cornets de frites , glaces , places de ciné ,","illustrés",", cigarettes anglaises . Pour moi , le gros problème"
"183","SIMONIN Albert","Confessions d'un enfant de la Chapelle","1977","109","catégoriquement de préciser les lieux où s'","illustraient","les grivetons de qui on lui réclamait des nouvelles"
"184","SIMONIN Albert","Confessions d'un enfant de la Chapelle","1977","142","gagné en stature et en poids durant que leur daron s'","illustrait","sous les armes , et n' étant pas loin de faire figure d'"
"185","TOURNIER Michel","Le Coq de bruyère","1978","160","gestes furtifs , des moments étincelants qui tous","illustrent","la déchirante insignifiance de la condition"
"186","PEREC Georges","La Vie mode d'emploi : romans","1978","47","qu' il avait sculpté lui -même et dont les motifs","illustraient","les scènes capitales de L' île mystérieuse : la"
"187","PEREC Georges","La Vie mode d'emploi : romans","1978","101",". Elle feuillette avec indifférence un magazine","illustré","sur la couverture duquel on voit un chanteur de charme"
"188","PEREC Georges","La Vie mode d'emploi : romans","1978","116","fameux , «  Sherwood's put you in the mood  » et","illustrée","par des vignettes hexagonales représentant un"
"189","PEREC Georges","La Vie mode d'emploi : romans","1978","219","d' un roman policier à bon marché , à couverture","illustrée",", intitulé El Crimén piramidal . DEUXIèME PARTIE ,"
"190","PEREC Georges","La Vie mode d'emploi : romans","1978","293","infirmière regardant avec nonchalance un magazine","illustré","17 Le poète allant en pèlerinage faisant naufrage"
"191","PEREC Georges","La Vie mode d'emploi : romans","1978","335","de cette affiche , Elzbieta Orlowska répond qu' elle","illustre","une comptine très populaire en Pologne , où elle sert"
"192","PEREC Georges","La Vie mode d'emploi : romans","1978","434","d' un de ces géants de la route dont les exploits","illustrent","l' âge d' or du cyclisme ; à vingt ans , à peine passé"
"193","PEREC Georges","La Vie mode d'emploi : romans","1978","657",", La , périodique illustré , 308 . Petit Larousse","illustré",", Le , dictionnaire , 204 . Petit - Pouce , chat des"
"194","BOSQUET Alain","Une mère russe","1978","44","sujettes à retouches , et mon tempérament ne s'","illustrait","que par à-coups , dans la fièvre ou le dégoût , sans"
"195","MODIANO Patrick","Rue des Boutiques Obscures","1978","220","jockey anglais André Wildmer .   » Quelques photos","illustraient","l' article parmi lesquelles une photo de Wildmer ,"
"196","BORY Jean-Louis","Un prix d'excellence","1979","11","rapides , courant du haut en bas du tableau violemment","illustré","de girls à demi nues ou de cow-boys jonglant avec leur"
"197","MOHRT Michel","La Maison du père","1979","50","de forçats évadés et de jésuites félons ,","illustrées","de gravures qui me plongeaient dans l' étonnement"
"198","MOHRT Michel","La Maison du père","1979","124","un vieux numéro de Lectures pour tous , un article","illustré","de dessins , décrivant des hypothèses"
"199","ROY Claude","La Traversée du Pont des Arts","1979","57","Charles était orphelin . Il y avait , dans les pages","illustrées","de son dictionnaire , la reproduction d' un tableau"
"200","ROY Claude","La Traversée du Pont des Arts","1979","79",", comme le gavage est une démonstration de richesse","illustrée","par la graisse .   » Le livre eut un petit succès d'"
"201","ROY Claude","La Traversée du Pont des Arts","1979","82","pouvait pas déchiffrer les exemples musicaux qui","illustraient","le texte de Charles Rivière . Les distinctions que"
"202","CAVANNA François","Les Russkoffs","1979","108","onze ans dans une édition brochée , en fascicules ,","illustrée","à foison de vieilles gravures sur bois , très noires"
"203","SABATIER Robert","Les Fillettes chantantes","1980","121",". Il suffisait donc de ce mince rectangle de papier","illustré","pour apporter de nouveaux plaisirs . Il hésitait"
"204","BENOZIGLIO Jean-Luc","Cabinet portrait","1980","243",", James ( 1864-1944 ) : évêque américain qui s'","illustra","par sa lutte virulente contre l' alcool beuh en"
"205","CHANDERNAGOR Françoise","L'Allée du Roi","1981","148","mis sur le sujet , que Villarceaux ne s' était pas","illustré","à la guerre mais que , pour n' avoir connu d' autre"
"206","MATZNEFF Gabriel","Ivre du vin perdu","1981","223","Angiolina sur ce qu' ils avaient ensemble vécu ,","illustrerait","cette poignante observation . à la vague de"
"207","MORDILLAT Gérard","Vive la Sociale !","1981","91","de copropriété de son immeuble . Le Petit Larousse","illustré","en commençant par la lettre A. Tous les cent"
"208","MORDILLAT Gérard","Vive la Sociale !","1981","109","les poches pleines des souvenirs de 36 où mon père s'","illustra",", pleines du souvenir de mon grand-oncle Maurice , le"
"209","BEAUCHEMIN Yves","Le Matou","1981","293","mettre la main sur un livre rarissime : la biographie","illustrée","de mon maître spirituel , le grand cuisinier Alexis"
"210","BEAUCHEMIN Yves","Le Matou","1981","515","brillant collaborateur au Clairon du Plateau s' est","illustré","tout dernièrement . Dans l' édition du 3 mars du"
"211","LABRO Philippe","Des bateaux dans la nuit","1982","99",", du conseil financier , du livre","illustré","pour enfants , du restaurant diététique , de la"
"212","TOURNIER Michel","Gilles et Jeanne","1983","69","particulière de Florence pour les rois mages ,","illustrée","par les oeuvres de Benozzo Gozzoli et Fra Angelico . -"
"213","ECHENOZ Jean","Cherokee","1983","117","plusieurs calendriers de l' année en cours , qu'","illustraient","des photographies de femmes déshabillées dans"
"214","DORIN Françoise","Les jupes-culottes","1984","254","de siècle , enlacé sous une guirlande de glycine ,","illustrait","cette légende : «  Voici le secret du bonheur : une"
"215","DORIN Françoise","Les jupes-culottes","1984","394","des deux protagonistes . La femme , Chantal , s'","illustre","comme journaliste politique dans un hebdomadaire à"
"216","BIANCIOTTI Hector","Sans la miséricorde du Christ","1985","230","ultime d' une espèce qui , dans un pays raisonneur , a","illustré","le genre littéraire le moins compatible avec l'"
"217","BIANCIOTTI Hector","Sans la miséricorde du Christ","1985","319","soir . Je lui apportais des livres , entre autres l' un ,","illustré",", qui avait trait à l' architecture française du"
"218","THÉRAME Victoria","Bastienne","1985","48","partage entre ses cultures , ses herbiers , ses livres","illustrés","sur les peuples primitifs , les flores exotiques et"
"219","MANŒUVRE Philippe","L'Enfant du rock","1985","39","volumes dont les jaquettes , déjà , étaient","illustrées","par le génial Moebius ... à force de lire de la SF , je"
"220","QUEFFÉLEC Yann","Les Noces barbares","1985","252","était glissé entre verre et soucoupe ,","illustré","de femmes nues . Le patron lui lança un clin d' oeil de"
"221","QUEFFÉLEC Yann","Les Noces barbares","1985","272","ans c' était encore un goliath , les bras et le torse","illustrés","de tatouages à la gloire de la femme . Il habitait en"
"222","ORMESSON Jean d'","Le Vent du soir","1985","238",". Il n' y a que le nom ... Mais celui des Romero ,","illustré","par le père bien-aimé et trop tôt disparu , par le"
"223","GARAT Anne-Marie","Voie non classée","1985","170","et que la grand-mère gardait pieusement . Il était","illustré","d' images désuètes , peut-être de cette époque"
"224","NAVARRE Yves","Une vie de chat","1986","57","trame d' un roman dit «  pour enfants  » . Barbara l'","illustrerait",". Un oncle célibataire , un mounon , Abel , racontait"
"225","ORMESSON Jean d'","Tous les hommes sont fous","1986","234","contraint Geoffrey à se séparer de Jessica . Rien n'","illustre","mieux l' à-peu-près de tant de gloses erronées , de"
"226","ORMESSON Jean d'","Tous les hommes sont fous","1986","246",". Javier prétendait depuis longtemps que Pandora","illustrait","avec une banalité affligeante les paroxysmes"
"227","ORMESSON Jean d'","Tous les hommes sont fous","1986","325","espagnol moyen , déclarait devant un document","illustré","par une carte qu' il retournait en tous sens : «  Un"
"228","SOLLERS Philippe","Le Cœur absolu","1987","384","... - Ce n' est pas grave . On pourrait faire un livre","illustré","... - Vous pensez ? - Mais oui . Un livre de vous , d'"
"229","SOLLERS Philippe","Le Cœur absolu","1987","404","? - Non , non . Elle m' a parlé d' un projet de livre","illustré","... Et puis ça peut repartir demain chez nous ... Elle"
"230","BAYON ","Le Lycéen","1987","129","ses leçons étaient d' ailleurs pertinemment","illustrées","d' exemples précis : les bottes comme Untel , la"
"231","MERTENS Pierre","Les Éblouissements","1987","68","de fierté , celle d' appartenir à l' espèce qui s'","illustrait","par cette surenchère de formes , de volumes et de"
"232","MERTENS Pierre","Les Éblouissements","1987","109","que le couvre-feu occulte la guerre même qu' il","illustre",". Le promeneur se demande d' où pourrait venir le"
"233","MERTENS Pierre","Les Éblouissements","1987","353","les idéaux des Lumières , et l' imposture où s'","illustrait","une époque qui ne voulait rien savoir du caractère"
"234","MERTENS Pierre","Les Éblouissements","1987","355","qu' assumer le plus possible d' humanité qui s' est","illustré","en moi à travers elle , et à travers le désastre qu'"
"235","GIRAUD Robert","Carrefour Buci","1987","50",", d' étoiles , de clowns ainsi que les jambes ,","illustrées","par ailleurs de personnages humoristiques , d' un"
"236","RHEIMS Maurice","Les Greniers de Sienne","1987","56","de dresser , sous la forme d' albums abondamment","illustrés",", une série sur les plus belles maisons de France ,"
"237","ORMESSON Jean d'","Le Bonheur à San Miniato","1987","113","et la même désinvolture , Jérôme Seignelay","illustrait","à merveille cette réussite et cet art de vivre . La"
"238","MOHRT Michel","Vers l'Ouest","1988","194","éditions , éditions courantes , éditions de luxe","illustrées",", pages choisies ... Il comptabilisait les"
"239","BECK Béatrix","Stella Corfou","1988","102","qui , digne , ne semble pas s' en apercevoir . Créent et","illustrent","le mot cabrioles . Les arbres de l' avenue viennent d'"
"240","PENNAC Daniel","La Petite marchande de prose","1989","145","admirables . J' en prévois une nouvelle série qui","illustrera","le premier papier vous concernant . Vous verrez , vous"
"241","ROLIN Jean","La frontière belge","1989","46","bouilli . Ses commentaires météorologiques","illustrent","la propension des gens du Nord à se réjouir d' un"
"242","ROLIN Jean","La frontière belge","1989","82","d' une certaine valeur archéologique , en ce qu' ils","illustraient","différents aspects de la vie quotidienne en temps"
"243","SIMON Claude","L'Acacia","1989","19",", la femme essayait de le faire lire dans un album","illustré","d' animaux de ferme , puis renonçait , se mettait"
"244","SIMON Claude","L'Acacia","1989","113","entière du cadastre de la commune portait le nom","illustré","à la tête d' armées de la Révolution puis de l'"
"245","TOURNIER Michel","Le Médianoche amoureux","1989","149","dont je porte innocemment la responsabilité et qui","illustre","très cruellement ces relations entre lumière ,"
"246","TOURNIER Michel","Le Médianoche amoureux","1989","151","pendre dans son dos . Parce que j' avais un album","illustré","de contes populaires slaves , je lui trouvais l' air"
"247","GARAT Anne-Marie","Chambre noire","1990","119","sortes de dé pliants explicatifs , des panneaux","illustrés","à usage local , pour l' affichage et la distribution ."
"248","GARAT Anne-Marie","Chambre noire","1990","120","transportable , sorte de dictionnaire médical","illustré",", occupe l' arrière de son fourgon , il se déploie"
"249","MONFERRAND Hélène de","Journal de Suzanne","1991","27","avec méfiance ce journal trop coloré , trop","illustré",", où les petites filles portaient des robes trop"
"250","BAZIN Hervé","L'école des pères","1991","67","de l' alouette  » : la lecture d' un texte , joliment","illustré",", utilisant des caractères de taille"
"251","CHAMOISEAU Patrick","Texaco","1992","32","- Cirique avait déclaré un jour qu' au vu du Larousse","illustré",", nous étions — en français — une communauté ."
"252","GERMAIN Sylvie","La Pleurante des rues de Prague","1992","116","de toute gloire , celle qu' on n' écrit pas , qu' on n'","illustre","ni ne chante ni ne dore à l' or étincelant des mythes et"
"253","SOLLERS Philippe","Le Secret","1993","221",", de lire un gros livre plein d' intérêt , très bien","illustré",", intitulé Folie et surréalisme : il commence par"
"254","ORSENNA Erik","Grand amour","1993","31","est entré sans lever la tête , plongé dans un livre","illustré","sur la vie des fourmis , Frédérique a suivi ,"
"255","LANZMANN Jacques","La Horde d'or","1994","70","les Hongrois et les Autrichiens qui s' étaient","illustrés","quelques années plus tôt en Galilée et en Syrie"
"256","LANZMANN Jacques","La Horde d'or","1994","179","et l' Afghanistan . Plus tard , Tengri s' était","illustré","en permettant à Batu , petit-fils de Gengis , de"
"257","LANZMANN Jacques","La Horde d'or","1994","238","de quels affrontements son passager s' était si bien","illustré",". Et Gontran d' inverser l' ordre des choses en"
"258","CHANDERNAGOR Françoise","L'Enfant des Lumières","1995","44","une famille dont tant d' aïeux s' étaient","illustrés",". De la naissance d' Alexis , elle avait été"
"259","CHANDERNAGOR Françoise","L'Enfant des Lumières","1995","507","dont , ainsi que je l' indique dans le roman , un membre s'","illustra","comme ambassadeur auprès de la Sublime Porte et un"
"260","ROLIN Jean","L'Organisation","1996","24","la charge de nous exhorter ce jour -là , s' était","illustré","en concluant son petit discours par une citation"
"261","ROLIN Jean","L'Organisation","1996","67",", qui sait , mes réticences à m' y astreindre - déjà","illustrée","par la période d' essai que , l' année précédente ,"
"262","ROLIN Jean","L'Organisation","1996","81","un flic ne sortira vivant de Paris insurgé !  » , et","illustré","par un dessin représentant un flic étendu ,"
"263","SCHREIBER Boris","Un silence d'environ une demi-heure","1996","39",". Ne s' agissait -il pas du Petit Larousse","illustré","? Laquelle de nos expressions serait choisie pour l'"
"264","SCHREIBER Boris","Un silence d'environ une demi-heure","1996","41","de lui grâce à l' éclat du Petit Larousse","illustré",". Ces perspectives de génialité reconnue n'"
"265","IZZO Jean-Claude","Chourmo","1996","272","- Ouais , évidemment . - Ton Narni , il s' est surtout","illustré","pendant des années comme patron du racket sur toute"
"266","RAMBAUD Patrick","La Bataille","1997","14","par ce fou furieux d' Augereau , s' était autrefois","illustrée","en franchissant le pont d' Arcole . C' était Masséna"
"267","ECHENOZ Jean","Un an","1997","13","elles pour étudier les locations . Chaque annonce","illustrée","d' une photo proposait un décor de téléfilm , un"
"268","DORIN Françoise","Les Vendanges tardives","1997","126",", non ! Deux bons gros chaussons . Ils enchâssent et","illustrent","le nom de la maison : «  les Charentaises  » . Re-stop"
"269","DESPLECHIN Marie","Sans moi","1998","222",", un album qui avait appartenu à mon grand-père et","illustrait","les saisons . Je remis la main sur une enveloppe pleine"
"270","JONQUET Thierry","Moloch","1998","318","promis , il y fit l' acquisition d' une biographie","illustrée","de Munch , parue aux éditions Flammarion , et due à un"
